Cn-B,Black Cane,Cane,6.00 ,6.00 ,6.00 ,,    ,    ,    ,    ,0,0,3,0
Cn-W,White Cane,Cane,6.00 ,6.00 ,6.00 ,,    ,    ,    ,    ,0,0,3,0
101,GIANFRANCO RUFFINI NOTCH,coat,50.00 ,32.00 ,0.00 ,,    ,    ,    ,    ,0,0,2,0
101A,    ,coat,50.00 ,32.00 ,0.00 ,,    ,    ,    ,    ,0,0,2,0
101B,    ,coat,55.00 ,32.00 ,0.00 ,,    ,    ,    ,    ,0,0,2,0
101C,    ,coat,57.00 ,32.00 ,0.00 ,,    ,    ,    ,    ,0,0,2,0
111,BLACK WOOL MANDARIN COAT,coat,58.00 ,32.00 ,0.00 ,,    ,    ,    ,    ,0,0,2,0
112,CK SUPER 100S,coat,65.00 ,38.00 ,0.00 ,,    ,    ,    ,    ,0,0,2,0
114,ABBOUD 3 BUTT SUPER,coat,65.00 ,38.00 ,0.00 ,,    ,    ,    ,    ,0,0,2,0
116,PIERRE CARDIN SLIDE,coat,58.00 ,32.00 ,0.00 ,,    ,    ,    ,    ,0,0,2,0
117,CALVIN KLEIN ARDEN,coat,66.00 ,39.00 ,0.00 ,,    ,    ,    ,    ,0,0,2,0
118,BLK LA STRADA,coat,60.00 ,32.00 ,0.00 ,,    ,    ,    ,    ,0,0,2,0
122,FABIAN MADISON,coat,60.00 ,32.00 ,0.00 ,,    ,    ,    ,    ,0,0,2,0
131,SHAWL,coat,50.00 ,32.00 ,0.00 ,,    ,    ,    ,    ,0,0,2,0
131A,    ,coat,50.00 ,32.00 ,0.00 ,,    ,    ,    ,    ,0,0,2,0
131B,    ,coat,55.00 ,32.00 ,0.00 ,,    ,    ,    ,    ,0,0,2,0
131C,    ,coat,57.00 ,32.00 ,0.00 ,,    ,    ,    ,    ,0,0,2,0
136,BLACK DARBY,coat,58.00 ,32.00 ,0.00 ,,    ,    ,    ,    ,0,0,2,0
151,R.L. 2 BUTTON PEAK,coat,58.00 ,32.00 ,0.00 ,,    ,    ,    ,    ,0,0,2,0
157,BLK FUBU STRIPE,coat,58.00 ,32.00 ,0.00 ,,    ,    ,    ,    ,0,0,2,0
158,MERCURY,coat,58.00 ,32.00 ,0.00 ,,    ,    ,    ,    ,0,0,2,0
162,BILL BLASS MCALISTER,coat,58.00 ,32.00 ,0.00 ,,    ,    ,    ,    ,0,0,2,0
163,MCALLISTER,coat,58.00 ,32.00 ,0.00 ,,    ,BC15,    ,    ,0,0,2,0
166,BLACK MATRIX 2 BUTTON,coat,58.00 ,32.00 ,0.00 ,,    ,    ,    ,    ,0,0,2,0
171,R.L. 3 BUTTON NOTCH,coat,58.00 ,32.00 ,0.00 ,,    ,    ,    ,    ,0,0,2,0
174,3 BUTTON GIANCARLO NOTCH,coat,58.00 ,32.00 ,0.00 ,,    ,    ,    ,    ,0,0,2,0
177,BLACK NUVO,coat,58.00 ,32.00 ,0.00 ,,    ,    ,    ,    ,0,0,2,0
184,GEOFFREY BEENE 4 BUTTON,coat,58.00 ,32.00 ,0.00 ,,    ,    ,    ,    ,0,0,2,0
186,BLACK ATTITUDE,coat,58.00 ,32.00 ,0.00 ,,    ,    ,    ,    ,0,0,2,0
187,P.E. VAIL,coat,58.00 ,32.00 ,0.00 ,,    ,    ,    ,    ,0,0,2,0
190,BLACK LIDO BY PERRY ELLIS,coat,58.00 ,32.00 ,0.00 ,,    ,    ,    ,    ,0,0,2,0
192,SEVEN,coat,58.00 ,32.00 ,0.00 ,,    ,    ,    ,    ,0,0,2,0
194,SEVEN,coat,58.00 ,32.00 ,0.00 ,,    ,    ,    ,    ,0,0,2,0
212,WHT DEUCE,coat,58.00 ,32.00 ,0.00 ,,    ,    ,    ,    ,0,0,2,0
218,WHT LA STRADA,coat,59.00 ,32.00 ,0.00 ,,    ,    ,    ,    ,0,0,2,0
257,FUBU WHT STRIPE,coat,58.00 ,32.00 ,0.00 ,,    ,    ,    ,    ,0,0,2,0
275,PRADA,coat,58.00 ,32.00 ,0.00 ,,    ,    ,    ,    ,0,0,2,0
280,WHT SHAWL,coat,58.00 ,32.00 ,0.00 ,,    ,    ,    ,    ,0,0,2,0
285,CELEBRATION,coat,58.00 ,31.00 ,0.00 ,,    ,    ,    ,    ,0,0,2,0
350,PE GRAY MADISON,coat,65.00 ,40.00 ,0.00 ,,    ,    ,    ,    ,0,0,2,0
474,IVY PRADO,coat,58.00 ,32.00 ,0.00 ,,    ,    ,    ,    ,0,0,2,0
480,P.E. DIAMOND SHAWL,coat,58.00 ,32.00 ,0.00 ,,    ,    ,    ,    ,0,0,2,0
570,PERRY ELLIS NOTCH TAILS,coat,58.00 ,32.00 ,0.00 ,,    ,    ,    ,    ,0,0,2,0
580,TAILCOAT,coat,58.00 ,32.00 ,0.00 ,,    ,    ,    ,    ,0,0,2,0
675,WHT TAIL,coat,58.00 ,32.00 ,0.00 ,,,,,,,,2,
900,BLACK SUIT RENTAL,coat,55.00 ,32.00 ,0.00 ,,    ,    ,    ,    ,0,0,2,0
903,NAVY CATALINA,coat,55.00 ,32.00 ,0.00 ,,    ,    ,    ,    ,0,0,2,0
920,PERRY ELLIS CUTAWAY,coat,58.00 ,32.00 ,0.00 ,,    ,    ,    ,    ,0,0,2,0
922,PE MADISON BLK SUIT,coat,58.00 ,35.00 ,0.00 ,,    ,    ,    ,    ,0,0,2,0
929,GRAY CATALINA,coat,55.00 ,32.00 ,0.00 ,,    ,    ,    ,    ,0,0,2,0
970,TAN CATALINA,coat,55.00 ,32.00 ,0.00 ,,    ,    ,    ,    ,0,0,2,0
Glv,Gloves,Glove,3.00 ,3.00 ,0.00 ,,    ,    ,    ,    ,0,0,2,0
FB50,BLK HANKIE,hankie,0.00 ,3.00 ,0.00 ,,    ,    ,    ,    ,0,0,3,0
FB90,WHT HANKIE,hankie,0.00 ,3.00 ,0.00 ,,    ,    ,    ,    ,0,0,3,0
G12H,PINK SG HANKIE,hankie,0.00 ,3.00 ,0.00 ,,    ,    ,    ,    ,0,0,3,0
G13H,HUCKLEBERRY SG HANKIE,hankie,0.00 ,3.00 ,0.00 ,,    ,    ,    ,    ,0,0,3,0
G14H,RED SG HANKIE,hankie,0.00 ,3.00 ,0.00 ,,    ,    ,    ,    ,0,0,3,0
G16H,BLU SG HANKIE,hankie,0.00 ,3.00 ,0.00 ,,    ,    ,    ,    ,0,0,3,0
G20H,CORAL SG HANKIE,hankie,0.00 ,3.00 ,0.00 ,,    ,    ,    ,    ,0,0,3,0
G21H,GREEN SG HANKIE,hankie,0.00 ,3.00 ,0.00 ,,    ,    ,    ,    ,0,0,3,0
G22H,FLAMINGO SG HANKIE,hankie,0.00 ,3.00 ,0.00 ,,    ,    ,    ,    ,0,0,3,0
G28H,GOLD SG HANKIE,hankie,0.00 ,3.00 ,0.00 ,,    ,    ,    ,    ,0,0,3,0
G29H,SILVER SG HANKIE,hankie,0.00 ,3.00 ,0.00 ,,    ,    ,    ,    ,0,0,3,0
G50H,BLK SG HANKIE,hankie,0.00 ,3.00 ,0.00 ,,    ,    ,    ,    ,0,0,3,0
G5H,BURGUNDY SG HANKIE,hankie,0.00 ,3.00 ,0.00 ,,    ,    ,    ,    ,0,0,3,0
G61H,PEACH SG HANKIE,hankie,0.00 ,3.00 ,0.00 ,,    ,    ,    ,    ,0,0,3,0
G7H,PLUM SG HANKIE,hankie,0.00 ,3.00 ,0.00 ,,    ,    ,    ,    ,0,0,3,0
G8H,TEAL SG HANKIE,hankie,0.00 ,3.00 ,0.00 ,,    ,    ,    ,    ,0,6.5,3,0
G90H,WHITE SG HANKIE,hankie,0.00 ,3.00 ,0.00 ,,    ,    ,    ,    ,0,6.5,3,0
H,Hankioes,hankie,0.00 ,5.00 ,0.00 ,,    ,    ,    ,    ,0,0,0,0
PV15,IVORY PAISELY W/HANKIE,hankie,0.00 ,3.00 ,0.00 ,,    ,    ,    ,    ,0,6.5,3,0
122,MADISON PANTS,pants,0.00 ,10.00 ,0.00 ,,    ,    ,    ,    ,0,6.5,3,0
257,FUBU WHT STRIPE,pants,0.00 ,10.00 ,0.00 ,,    ,    ,    ,    ,0,6.5,3,0
900,BLACK SUIT RENTAL,pants,0.00 ,10.00 ,0.00 ,,    ,    ,    ,    ,0,6.5,2,0
903,NAVY CATALINA,pants,0.00 ,10.00 ,0.00 ,,    ,    ,    ,    ,0,0,2,0
920,PERRY ELLIS CUTAWAY,pants,0.00 ,10.00 ,0.00 ,,    ,    ,    ,    ,0,0,2,0
922,MADISON PANTS,pants,0.00 ,10.00 ,0.00 ,,    ,    ,    ,    ,0,0,2,0
929,GRAY CATALINA,pants,0.00 ,10.00 ,0.00 ,,,,,,,,2,
970,TAN CATALINA,pants,0.00 ,10.00 ,0.00 ,,    ,    ,    ,    ,0,N,2,0
BLK,BLK PANTS,pants,0.00 ,10.00 ,0.00 ,,    ,    ,    ,    ,0,0,2,0
FF,FLAT FRONT PANTS,pants,0.00 ,10.00 ,0.00 ,,    ,    ,    ,    ,0,0,2,0
Grey,Pleated Grey Pants,pants,0.00 ,15.00 ,0.00 ,,    ,    ,    ,    ,0,0,2,0
Ivry,Pleated Ivory Pants,pants,0.00 ,10.00 ,0.00 ,,    ,    ,    ,    ,0,0,2,0
WHT,WHT PANTS,pants,0.00 ,10.00 ,0.00 ,,    ,    ,    ,    ,0,0,2,0
St,SOLID SASH,sash,0.00 ,5.00 ,0.00 ,,    ,    ,    ,    ,0,0,0,0
ST1,SASH/TIE APRICOT,sash,0.00 ,5.00 ,0.00 ,,    ,    ,    ,    ,0,0,3,0
ST10,SASH/TIE YELLOW,sash,0.00 ,5.00 ,0.00 ,,    ,    ,    ,    ,0,0,3,0
ST10A,HARVEST SASH,sash,0.00 ,5.00 ,0.00 ,,,,,,0,0,3,0
ST11,SASH/TIE MINT GREEN,sash,0.00 ,5.00 ,0.00 ,,,,,,0,0,3,0
ST12,SASH/TIE PINK HAZE,sash,0.00 ,5.00 ,0.00 ,,,,,,0,0,3,0
ST12A,SASH/TIE LT. PINK,sash,0.00 ,5.00 ,0.00 ,,,,,,0,0,3,0
ST12L,SASH/TIE PINK LAME,sash,0.00 ,5.00 ,0.00 ,,,,,,0,0,3,0
ST13,SASH/TIE HUCKLEBERRY,sash,0.00 ,5.00 ,0.00 ,,,,,,0,0,3,0
ST14,SASH/TIE RED,sash,0.00 ,5.00 ,0.00 ,,,,,,0,0,3,0
ST14L,SASH/TIE RED LAME,sash,0.00 ,5.00 ,0.00 ,,,,,,0,0,3,0
ST15,SASH/TIE IVORY,sash,0.00 ,5.00 ,0.00 ,,,,,,0,0,3,0
ST16,SASH/TIE ROYAL BLUE,sash,0.00 ,5.00 ,0.00 ,,,,,,0,0,3,0
ST16L,SASH/TIE BLUE LAME,sash,0.00 ,5.00 ,0.00 ,,,,,,0,0,3,0
ST17,SASH/TIE - SKY BLUE,sash,0.00 ,5.00 ,0.00 ,,    ,    ,    ,    ,0,0,3,0
ST18,SASH/TIE LT.LILAC,sash,0.00 ,5.00 ,0.00 ,,    ,    ,    ,    ,0,0,3,0
ST19,SASH/TIE LILAC,sash,0.00 ,5.00 ,0.00 ,,    ,    ,    ,    ,0,0,3,0
ST1A,SHRIMP ST,sash,0.00 ,5.00 ,0.00 ,,    ,    ,    ,    ,0,0,3,0
ST2,SASH/TIE AQUA,sash,0.00 ,5.00 ,0.00 ,,    ,    ,    ,    ,0,0,3,0
ST20,SASH/TIE HOT PINK,sash,0.00 ,5.00 ,0.00 ,,    ,    ,    ,    ,0,0,3,0
ST21,SASH/TIE EMERALD GREEN,sash,0.00 ,5.00 ,0.00 ,,    ,    ,    ,    ,0,0,3,0
ST21L,SASH/TIE EMERALD LAME,sash,0.00 ,5.00 ,0.00 ,,    ,    ,    ,    ,0,0,3,0
ST22,SASH/TIE MAUVE,sash,0.00 ,5.00 ,0.00 ,,    ,    ,    ,    ,0,0,3,0
ST25,SASH/TIE BEIGE,sash,0.00 ,5.00 ,0.00 ,,    ,    ,    ,    ,0,0,3,0
ST26,SASH/TIE DUSTY ROSE,sash,0.00 ,5.00 ,0.00 ,,    ,    ,    ,    ,0,0,3,0
ST27,SASH/TIE PURPLE,sash,0.00 ,5.00 ,0.00 ,,    ,    ,    ,    ,0,0,3,0
ST28,SASH/TIE GOLD,sash,0.00 ,5.00 ,0.00 ,,    ,    ,    ,    ,0,0,33,0
ST28L,SASH/TIE GOLD LAME,sash,0.00 ,5.00 ,0.00 ,,    ,    ,    ,    ,0,0,3,0
ST29,SILVER SASH,sash,0.00 ,5.00 ,0.00 ,,    ,    ,    ,    ,0,0,3,0
ST29L,SASH/TIE SILVER LAME,sash,0.00 ,5.00 ,0.00 ,,    ,    ,    ,    ,0,0,3,0
ST3,SASH/TIE NAVY BLUE,sash,0.00 ,5.00 ,0.00 ,,    ,    ,    ,    ,0,0,3,0
ST30,SASH/TIE - PEACOCK,sash,0.00 ,5.00 ,0.00 ,,    ,    ,    ,    ,0,0,3,0
ST31,SASH/TIE KELLY GREEN,sash,0.00 ,5.00 ,0.00 ,,    ,    ,    ,    ,0,0,3,0
ST32,SASH/TIE CANDY,sash,0.00 ,5.00 ,0.00 ,,    ,    ,    ,    ,0,0,3,0
ST4,SASH/TIE RASPBERRY,sash,0.00 ,5.00 ,0.00 ,,    ,    ,    ,    ,0,0,3,0
ST48,SASH/TIE SILVER,sash,0.00 ,5.00 ,0.00 ,,    ,    ,    ,    ,0,0,3,0
ST5,SASH/TIE BURGUNDY,sash,0.00 ,5.00 ,0.00 ,,    ,    ,    ,    ,0,0,3,0
ST6,SASH/TIE EMPIRE BLUE,sash,0.00 ,5.00 ,0.00 ,,    ,    ,    ,    ,0,0,3,0
ST61,SASH/TIE PEACH,sash,0.00 ,5.00 ,0.00 ,,    ,    ,    ,    ,0,0,3,0
ST7,PLUM ST,sash,0.00 ,5.00 ,0.00 ,,    ,    ,    ,    ,0,0,3,0
ST8,SASH/TIE TEAL BLUE,sash,0.00 ,5.00 ,0.00 ,,    ,    ,    ,    ,0,0,3,0
ST83,SASH/TIE STERLING,sash,0.00 ,5.00 ,0.00 ,,    ,    ,    ,    ,0,0,3,0
ST9,SASH/TIE LAVENDER,sash,0.00 ,5.00 ,0.00 ,,    ,    ,    ,    ,0,0,3,0
ST90,SASH/TIE WHITE,sash,0.00 ,5.00 ,0.00 ,,,,,,0,0,3,0
CW,COMFORT WING,shirt,0.00 ,5.00 ,0.00 ,,    ,    ,    ,    ,0,0,2,0
ILD,IVORY LAY DOWN SHIRT,shirt,0.00 ,5.00 ,0.00 ,,,,,,,,2,
IPW,SHIRT - IVORY PLEATED WING,shirt,0.00 ,5.00 ,0.00 ,,    ,    ,    ,    ,0,0,2,0
LD,LAY DOWN SHIRT,shirt,0.00 ,5.00 ,0.00 ,,    ,    ,    ,    ,0,0,2,0
LT,STRIPED SHIRT,shirt,0.00 ,5.00 ,0.00 ,,    ,    ,    ,    ,0,0,2,0
M11,MINT MICROFIBER SHIRT,shirt,0.00 ,5.00 ,0.00 ,,    ,    ,    ,    ,0,0,2,0
M16,BLUE MICROFIBER SHIRT,shirt,0.00 ,5.00 ,0.00 ,,    ,    ,    ,    ,0,0,2,0
M19,LAVENDER MICROFIBER SHIRT,shirt,0.00 ,5.00 ,0.00 ,,    ,    ,    ,    ,0,0,2,0
M29,SILVER MICRO FIBER,shirt,0.00 ,5.00 ,0.00 ,,,,,,0,0,2,
M50,BLACK MICRO FIBER SHIRT,shirt,0.00 ,5.00 ,0.00 ,,    ,    ,    ,    ,0,0,2,0
MW,MANDARIN SHIRT,shirt,0.00 ,5.00 ,0.00 ,,    ,    ,    ,    ,0,0,2,0
PLD,PLAIN LAY DOWN SHIRT,shirt,0.00 ,5.00 ,0.00 ,,    ,    ,    ,    ,0,0,2,0
C,CELEBRATION,shoe,0.00 ,15.00 ,0.00 ,,    ,    ,    ,    ,0,0,2,0
I,STUDIO SHOE,shoe,0.00 ,15.00 ,0.00 ,,    ,    ,    ,    ,0,0,2,0
X,SX LACE,shoe,0.00 ,15.00 ,0.00 ,,    ,    ,    ,    ,0,0,2,0
Susp[,Suspenders,Susp,0.00 ,0.00 ,0.00 ,,    ,    ,    ,    ,0,0,3,0
180V,180 TIE AND TIE,tie,0.00 ,5.00 ,0.00 ,,    ,    ,    ,    ,0,0,2,0
285N,NECK TIE,tie,0.00 ,5.00 ,0.00 ,,    ,    ,    ,    ,0,0,3,0
920G,GRID ASCOT TIE,tie,0.00 ,5.00 ,0.00 ,,    ,    ,    ,    ,0,0,3,0
920P,PAISELY ASCOT TIE,tie,0.00 ,5.00 ,0.00 ,,    ,    ,    ,    ,0,0,3,0
920R,RED DOT ASCOT,tie,0.00 ,5.00 ,0.00 ,,    ,    ,    ,    ,0,0,3,0
920S,STRIPED ASCOT,tie,0.00 ,5.00 ,0.00 ,,    ,    ,    ,    ,0,0,3,0
A,ABROUD TIES,tie,0.00 ,5.00 ,0.00 ,,    ,    ,    ,    ,0,0,0,0
A1,PEACH ABBOUD,tie,0.00 ,5.00 ,0.00 ,,    ,    ,    ,    ,0,0,3,0
A10,BUTTERCUP ABBOUD,tie,0.00 ,5.00 ,0.00 ,,    ,    ,    ,    ,0,0,3,0
A11,KIWI ABBOUD,tie,0.00 ,5.00 ,0.00 ,,    ,    ,    ,    ,0,0,3,0
A12,LIGHT PINK,tie,0.00 ,5.00 ,0.00 ,,    ,    ,    ,    ,0,0,3,0
A14,RED ABBOUD,tie,0.00 ,5.00 ,0.00 ,,    ,    ,    ,    ,0,0,3,0
A15,IVY ABBOUD,tie,0.00 ,5.00 ,0.00 ,,    ,    ,    ,    ,0,0,3,0
A19,LILAC ABBOUD,tie,0.00 ,5.00 ,0.00 ,,    ,    ,    ,    ,0,0,3,0
A2,DK TURQ ABBOUD,tie,0.00 ,5.00 ,0.00 ,,    ,    ,    ,    ,0,0,3,0
A20,BUBBLE GUM ABBOUD,tie,0.00 ,5.00 ,0.00 ,,    ,    ,    ,    ,0,0,3,0
A21,PISTACHIO ABBOUD,tie,0.00 ,5.00 ,0.00 ,,    ,    ,    ,    ,0,0,3,0
A22,GINGER ABBOUD,tie,0.00 ,5.00 ,0.00 ,,    ,    ,    ,    ,0,0,3,0
A25,STRAW ABBOUD,tie,0.00 ,5.00 ,0.00 ,,    ,    ,    ,    ,0,0,3,0
A26,CORAL ABBOUD,tie,0.00 ,5.00 ,0.00 ,,    ,    ,    ,    ,0,0,3,0
A28,GOLD ABBOUD,tie,0.00 ,5.00 ,0.00 ,,    ,    ,    ,    ,0,0,3,0
A29,SILVER ABBOUD,tie,0.00 ,5.00 ,0.00 ,,    ,    ,    ,    ,0,0,3,0
A31,EMERALD GREEN ABBOUD,tie,0.00 ,5.00 ,0.00 ,,    ,    ,    ,    ,0,0,3,0
A48,ICE ABBOUD,tie,0.00 ,5.00 ,0.00 ,,    ,    ,    ,    ,0,0,3,0
A5,BURG ABBOUD,tie,0.00 ,5.00 ,0.00 ,,    ,    ,    ,    ,0,0,3,0
A50,BLK ABOUD,tie,0.00 ,5.00 ,0.00 ,,    ,    ,    ,    ,0,0,3,0
A51,HOT ORANGE ABBOUD,tie,0.00 ,5.00 ,0.00 ,,    ,    ,    ,    ,0,0,3,0
A59,CHARCOAL ABBOUD,tie,0.00 ,5.00 ,0.00 ,,    ,    ,    ,    ,0,0,3,0
A6,CLOUDY ABBOUD,tie,0.00 ,5.00 ,0.00 ,,    ,    ,    ,    ,0,0,3,0
A70,PALIMINO ABBOUD,tie,0.00 ,5.00 ,0.00 ,,    ,    ,    ,    ,0,0,3,0
A8,AQUA ABBOUD,tie,0.00 ,5.00 ,0.00 ,,    ,    ,    ,    ,0,0,3,0
A9,LAVENDER ABBOUD,tie,0.00 ,5.00 ,0.00 ,,    ,    ,    ,    ,0,0,3,0
A90,WHITE ABBOUD,tie,0.00 ,5.00 ,0.00 ,,    ,    ,    ,    ,0,0,3,0
AB6,ABOUD BOW TIE,tie,0.00 ,5.00 ,0.00 ,,    ,    ,    ,    ,0,0,3,0
AN,ABOUD NECK TIE,tie,0.00 ,5.00 ,0.00 ,,    ,    ,    ,    ,0,0,0,0
AN1,PEACH ABBOUD,tie,0.00 ,5.00 ,0.00 ,,    ,    ,    ,    ,0,0,3,0
AN10,BUTTERCUP NECK,tie,0.00 ,5.00 ,0.00 ,,    ,    ,    ,    ,0,0,3,0
AN11,KIWI NECK,tie,0.00 ,5.00 ,0.00 ,,    ,    ,    ,    ,0,0,3,0
AN12,PINK NECK,tie,0.00 ,5.00 ,0.00 ,,    ,    ,    ,    ,0,0,3,0
AN14,RED NECK,tie,0.00 ,5.00 ,0.00 ,,    ,    ,    ,    ,0,0,3,0
AN15,IVY NECK,tie,0.00 ,5.00 ,0.00 ,,    ,    ,    ,    ,0,0,3,0
AN16,BLUE/BLK NECK TIE,tie,0.00 ,5.00 ,0.00 ,,    ,    ,    ,    ,0,0,3,0
AN19,LILAC NECK,tie,0.00 ,5.00 ,0.00 ,,    ,    ,    ,    ,0,0,3,0
AN2,DARK TURQ NECK,tie,0.00 ,5.00 ,0.00 ,,    ,    ,    ,    ,0,0,3,0
AN20,BUBBLE GUM NECK,tie,0.00 ,5.00 ,0.00 ,,    ,    ,    ,    ,0,0,3,0
AN21,PISTACHIO NECK,tie,0.00 ,5.00 ,0.00 ,,    ,    ,    ,    ,0,0,3,0
AN22,GINGER NECK,tie,0.00 ,5.00 ,0.00 ,,    ,    ,    ,    ,0,0,3,0
AN25,STRAW NECK,tie,0.00 ,5.00 ,0.00 ,,    ,    ,    ,    ,0,0,3,0
AN26,CORAL NECK,tie,0.00 ,5.00 ,0.00 ,,    ,    ,    ,    ,0,0,3,0
AN28,GOLD NECK,tie,0.00 ,5.00 ,0.00 ,,    ,    ,    ,    ,0,0,3,0
AN29,SILVER NECK,tie,0.00 ,5.00 ,0.00 ,,    ,    ,    ,    ,0,0,3,0
AN31,EMERALD TIE,tie,0.00 ,5.00 ,0.00 ,,    ,    ,    ,    ,0,0,3,0
AN48,ICE NECK,tie,0.00 ,5.00 ,0.00 ,,    ,    ,    ,    ,0,0,3,0
AN5,BURG NECK,tie,0.00 ,5.00 ,0.00 ,,    ,    ,    ,    ,0,0,3,0
AN50,BLK NECK,tie,0.00 ,5.00 ,0.00 ,,    ,    ,    ,    ,0,0,3,0
AN51,ORANGE NECK,tie,0.00 ,5.00 ,0.00 ,,    ,    ,    ,    ,0,0,3,0
AN59,CHARCOAL NECK,tie,0.00 ,5.00 ,0.00 ,,    ,    ,    ,    ,0,0,3,0
AN6,CLOUDY NECK,tie,0.00 ,5.00 ,0.00 ,,    ,    ,    ,    ,0,0,3,0
AN70,PALIMINO NECK,tie,0.00 ,5.00 ,0.00 ,,    ,    ,    ,    ,0,0,3,0
AN8,AQUA NECK,tie,0.00 ,5.00 ,0.00 ,,    ,    ,    ,    ,0,0,3,0
AN9,LAVENDER NECK,tie,0.00 ,5.00 ,0.00 ,,    ,    ,    ,    ,0,0,3,0
AN90,WHITE NECK,tie,0.00 ,5.00 ,0.00 ,,    ,    ,    ,    ,0,0,3,0
BC,BUTTON COVER,tie,0.00 ,5.00 ,0.00 ,,    ,    ,    ,    ,0,0,0,0
BC15,IVORY BUTTON COVER,tie,0.00 ,5.00 ,0.00 ,,    ,    ,    ,    ,0,0,3,0
BC21,GREEN BUTTON COVER,tie,0.00 ,5.00 ,0.00 ,,    ,    ,    ,    ,0,0,3,0
BC28,GOLD BUTTON COVER W/DIAMONDS,tie,0.00 ,5.00 ,0.00 ,,    ,    ,    ,    ,0,0,3,0
BC29,SILVER BUTTON COVER,tie,0.00 ,5.00 ,0.00 ,,    ,    ,    ,    ,0,0,3,0
BC50,BUTTON COVER BLACK,tie,0.00 ,5.00 ,0.00 ,,    ,    ,    ,    ,0,0,3,0
BC90,WHITE BUTTON COVER,tie,0.00 ,5.00 ,0.00 ,,    ,    ,    ,    ,0,0,3,0
BN50,BLACK SATIN NECK TIE,tie,0.00 ,5.00 ,0.00 ,,    ,    ,    ,    ,0,0,3,0
BS,BLK SATIN,tie,0.00 ,5.00 ,0.00 ,,    ,    ,    ,    ,0,0,3,0
D,VINEYARD TIES,tie,0.00 ,5.00 ,0.00 ,,    ,    ,    ,    ,0,0,0,0
D12,    ,tie,0.00 ,5.00 ,0.00 ,,    ,    ,    ,    ,0,0,3,0
D14,    ,tie,0.00 ,5.00 ,0.00 ,,    ,    ,    ,    ,0,0,3,0
D15,    ,tie,0.00 ,5.00 ,0.00 ,,    ,    ,    ,    ,0,0,3,0
D17,    ,tie,0.00 ,5.00 ,0.00 ,,    ,    ,    ,    ,0,0,3,0
D25,    ,tie,0.00 ,5.00 ,0.00 ,,    ,    ,    ,    ,0,0,3,0
D29,    ,tie,0.00 ,5.00 ,0.00 ,,    ,    ,    ,    ,0,0,3,0
D48,    ,tie,0.00 ,5.00 ,0.00 ,,    ,    ,    ,    ,0,0,3,0
D5,BURGUNDY,tie,0.00 ,5.00 ,0.00 ,,    ,    ,    ,    ,0,0,3,0
D50,BLACK,tie,0.00 ,5.00 ,0.00 ,,    ,    ,    ,    ,0,0,3,0
D90,WHITE,tie,0.00 ,5.00 ,0.00 ,,    ,    ,    ,    ,0,0,3,0
DA14,R.L RED ASCOT,tie,0.00 ,5.00 ,0.00 ,,    ,    ,    ,    ,0,0,3,0
DB,VINEYARD BOW TIES,tie,0.00 ,5.00 ,0.00 ,,    ,    ,    ,    ,0,0,0,0
DB12,    ,tie,0.00 ,5.00 ,0.00 ,,    ,    ,    ,    ,0,0,3,0
DB14,    ,tie,0.00 ,5.00 ,0.00 ,,    ,    ,    ,    ,0,0,3,0
DB15,    ,tie,0.00 ,5.00 ,0.00 ,,    ,    ,    ,    ,0,0,3,0
DB17,    ,tie,0.00 ,5.00 ,0.00 ,,    ,    ,    ,    ,0,0,3,0
DB25,    ,tie,0.00 ,5.00 ,0.00 ,,    ,    ,    ,    ,0,0,3,0
DB29,    ,tie,0.00 ,5.00 ,0.00 ,,    ,    ,    ,    ,0,0,3,0
DB48,    ,tie,0.00 ,5.00 ,0.00 ,,    ,    ,    ,    ,0,0,3,0
DB5,    ,tie,0.00 ,5.00 ,0.00 ,,    ,    ,    ,    ,0,0,3,0
DB50,    ,tie,0.00 ,5.00 ,0.00 ,,    ,    ,    ,    ,0,0,3,0
DB90,    ,tie,0.00 ,5.00 ,0.00 ,,    ,    ,    ,    ,0,0,3,0
DN,VINEYARD NECK TIES,tie,0.00 ,5.00 ,0.00 ,,    ,    ,    ,    ,0,0,0,0
DN12,    ,tie,0.00 ,5.00 ,0.00 ,,    ,    ,    ,    ,0,0,3,0
DN14,    ,tie,0.00 ,5.00 ,0.00 ,,    ,    ,    ,    ,0,0,3,0
DN15,    ,tie,0.00 ,5.00 ,0.00 ,,    ,    ,    ,    ,0,0,3,0
DN17,    ,tie,0.00 ,5.00 ,0.00 ,,    ,    ,    ,    ,0,0,3,0
DN25,    ,tie,0.00 ,5.00 ,0.00 ,,    ,    ,    ,    ,0,0,3,0
DN29,    ,tie,0.00 ,5.00 ,0.00 ,,    ,    ,    ,    ,0,0,3,0
DN48,    ,tie,0.00 ,5.00 ,0.00 ,,    ,    ,    ,    ,0,0,3,0
DN5,    ,tie,0.00 ,5.00 ,0.00 ,,    ,    ,    ,    ,0,0,3,0
DN50,    ,tie,0.00 ,5.00 ,0.00 ,,    ,    ,    ,    ,0,0,3,0
DN90,    ,tie,0.00 ,5.00 ,0.00 ,,    ,    ,    ,    ,0,0,3,0
FB15,FULL BACK IVORY SATIN TIE,tie,0.00 ,5.00 ,0.00 ,,    ,    ,    ,    ,0,0,3,0
FB50,FULL BACK BLK SATIN TIE,tie,0.00 ,5.00 ,0.00 ,,    ,    ,    ,    ,0,0,3,0
FB90,FULL BACK WHT SATIN TIE,tie,0.00 ,5.00 ,0.00 ,,    ,    ,    ,    ,0,0,3,0
I15,IVORY INTRIGUE TIE,tie,0.00 ,5.00 ,0.00 ,,    ,    ,    ,    ,0,0,3,0
I28,GOLD INTRIGUE,tie,0.00 ,5.00 ,0.00 ,,    ,    ,    ,    ,0,0,3,0
I29,SILVER INTRIGUE,tie,0.00 ,5.00 ,0.00 ,,    ,    ,    ,    ,0,0,3,0
I50,BLK INTRGUE,tie,0.00 ,5.00 ,0.00 ,,    ,    ,    ,    ,0,0,3,0
I90,WHITE INTRIGUE TIE,tie,0.00 ,5.00 ,0.00 ,,    ,    ,    ,    ,0,0,3,0
IS15,FIVE BUTTON IVORY FULL BACK TIE,tie,0.00 ,5.00 ,0.00 ,,    ,    ,    ,    ,0,0,3,0
ISI5,IVORY SATIN TIE,tie,0.00 ,5.00 ,0.00 ,,    ,    ,    ,    ,0,0,3,0
ISN15,IVORY SATIN NECK TIE,tie,0.00 ,5.00 ,0.00 ,,    ,    ,    ,    ,0,0,3,0
ISU15,IVORY SATIN EUROTIE,tie,0.00 ,5.00 ,0.00 ,,    ,    ,    ,    ,0,0,3,0
MXB,BLACK MATRIX TIE,tie,0.00 ,5.00 ,0.00 ,,    ,    ,    ,    ,0,0,3,0
MXW,WHT MATRIX TIE,tie,0.00 ,5.00 ,0.00 ,,    ,    ,    ,    ,0,0,3,0
N,ENCHANTMENT TIE,tie,0.00 ,5.00 ,0.00 ,,    ,    ,    ,    ,0,0,0,0
N11,CELEDON ENCH TIE,tie,0.00 ,5.00 ,0.00 ,,    ,    ,    ,    ,0,0,3,0
N12,ROSE ENCH TIE,tie,0.00 ,5.00 ,0.00 ,,    ,    ,    ,    ,0,0,3,0
N15,IVORY ENCH TIE,tie,0.00 ,5.00 ,0.00 ,,    ,    ,    ,    ,0,0,3,0
N19,LAVENDER ENCH TIE,tie,0.00 ,5.00 ,0.00 ,,    ,    ,    ,    ,0,0,3,0
N21,HUNTER ENCH TIE,tie,0.00 ,5.00 ,0.00 ,,    ,    ,    ,    ,0,0,3,0
N25,CHAMPAGNE ENCH TIE,tie,0.00 ,5.00 ,0.00 ,,    ,    ,    ,    ,0,0,3,0
N3,NAVY ENCH TIE,tie,0.00 ,5.00 ,0.00 ,,    ,    ,    ,    ,0,0,3,0
N48,PLATINUM ENCH TIE,tie,0.00 ,5.00 ,0.00 ,,    ,    ,    ,    ,0,0,3,0
N5,BURGUNDY ENCH TIE,tie,0.00 ,5.00 ,0.00 ,,    ,    ,    ,    ,0,0,3,0
N50,BLACK ENCH TIE,tie,0.00 ,5.00 ,0.00 ,,    ,    ,    ,    ,0,0,3,0
N6,PERRYWINKLE ENCH TIE,tie,0.00 ,5.00 ,0.00 ,,    ,    ,    ,    ,0,0,3,0
N90,WHITE ENCHANTMENT TIE,tie,0.00 ,5.00 ,0.00 ,,    ,    ,    ,    ,0,0,3,0
NA3,NAVY ASCOT,tie,0.00 ,5.00 ,0.00 ,,    ,    ,    ,    ,0,0,3,0
NN,ENCHANT NECK TIE,tie,0.00 ,5.00 ,0.00 ,,    ,    ,    ,    ,0,0,0,0
NN11,CELEDON ENCH NECK TIE,tie,0.00 ,5.00 ,0.00 ,,    ,    ,    ,    ,0,0,3,0
NN12,ROSE ENCH NECK TIE,tie,0.00 ,5.00 ,0.00 ,,    ,    ,    ,    ,0,0,3,0
NN15,IVORY ENCH NECK TIE,tie,0.00 ,5.00 ,0.00 ,,    ,    ,    ,    ,0,0,3,0
NN19,LAVENDER ENCH NECK TIE,tie,0.00 ,5.00 ,0.00 ,,    ,    ,    ,    ,0,0,3,0
NN21,HUNTER ENCH NECK TIE,tie,0.00 ,5.00 ,0.00 ,,    ,    ,    ,    ,0,0,3,0
NN25,CHAMPAGNE NECK TIE,tie,0.00 ,5.00 ,0.00 ,,    ,    ,    ,    ,0,0,3,0
NN3,NAVY ENCH NECK TIE,tie,0.00 ,5.00 ,0.00 ,,    ,    ,    ,    ,0,0,3,0
NN48,PLATINUM ENCH NECK TIE,tie,0.00 ,5.00 ,0.00 ,,    ,    ,    ,    ,0,0,3,0
NN5,BURGUNDY ENCH NECK TIE,tie,0.00 ,5.00 ,0.00 ,,    ,    ,    ,    ,0,0,3,0
NN50,BLACK ENCH NECK TIE,tie,0.00 ,5.00 ,0.00 ,,    ,    ,    ,    ,0,0,3,0
NN6,PERRYWINKLE ENCH NECK TIE,tie,0.00 ,5.00 ,0.00 ,,    ,    ,    ,    ,0,0,3,0
NN90,WHITE ENCH. NECKTIE,tie,0.00 ,5.00 ,0.00 ,,    ,    ,    ,    ,0,0,3,0
P,SOLID TIE,tie,0.00 ,5.00 ,0.00 ,,    ,    ,    ,    ,0,0,0,0
P1,TANGERINE SOLID TIE,tie,0.00 ,5.00 ,0.00 ,,    ,    ,    ,    ,0,0,3,0
P10,YELLO SATIN TIE,tie,0.00 ,5.00 ,0.00 ,,    ,    ,    ,    ,0,0,3,0
P11,SAGE SOLID TIE,tie,0.00 ,5.00 ,0.00 ,,    ,    ,    ,    ,0,0,3,0
P12,PINK SOLID TIE,tie,0.00 ,5.00 ,0.00 ,,    ,    ,    ,    ,0,0,3,0
P13,HUCKLEBERRY,tie,0.00 ,5.00 ,0.00 ,,    ,    ,    ,    ,0,0,3,0
P14,RED SOLID TIE,tie,0.00 ,5.00 ,0.00 ,,    ,    ,    ,    ,0,0,3,0
P14A,RUBY RED,tie,0.00 ,5.00 ,0.00 ,,    ,    ,    ,    ,0,0,3,0
P15,IVORY SOLID TIE,tie,0.00 ,5.00 ,0.00 ,,    ,    ,    ,    ,0,0,3,0
P16,ROYAL BLUE SOLID TIE,tie,0.00 ,5.00 ,0.00 ,,    ,    ,    ,    ,0,0,3,0
P16A,    ,tie,0.00 ,5.00 ,0.00 ,,    ,    ,    ,    ,0,0,3,0
P17,LIGHT BLUE SOLID TIE,tie,0.00 ,5.00 ,0.00 ,,    ,    ,    ,    ,0,0,3,0
P19,HEATHER SOLID TIE,tie,0.00 ,5.00 ,0.00 ,,    ,    ,    ,    ,0,0,3,0
P2,AQUA SOLID TIE,tie,0.00 ,5.00 ,0.00 ,,    ,    ,    ,    ,0,0,3,0
P20,BUBBLE GUM,tie,0.00 ,5.00 ,0.00 ,,    ,    ,    ,    ,0,0,3,0
P25,MOCHA SATIN TIES,tie,0.00 ,5.00 ,0.00 ,,    ,    ,    ,    ,0,0,3,0
P26,CORAL SATIN,tie,0.00 ,5.00 ,0.00 ,,    ,    ,    ,    ,0,0,3,0
P27,PURPLE,tie,0.00 ,5.00 ,0.00 ,,    ,    ,    ,    ,0,0,3,0
P28,SOLID GOLD TIE,tie,0.00 ,5.00 ,0.00 ,,    ,    ,    ,    ,0,0,3,0
P29,SILVER SOLID TIE,tie,0.00 ,5.00 ,0.00 ,,    ,    ,    ,    ,0,0,3,0
P3,NAVY SOLID TIE,tie,0.00 ,5.00 ,0.00 ,,    ,    ,    ,    ,0,0,3,0
P31,LIME SOLID TIE,tie,0.00 ,5.00 ,0.00 ,,    ,    ,    ,    ,0,0,3,0
P35,BAMBOO TIE,tie,0.00 ,5.00 ,0.00 ,,    ,    ,    ,    ,0,0,3,0
P4,FUSCHIA SOLID TIE,tie,0.00 ,5.00 ,0.00 ,,    ,    ,    ,    ,0,0,3,0
P5,BURG SOLID,tie,0.00 ,5.00 ,0.00 ,,    ,    ,    ,    ,0,0,3,0
P50,BLK SOLID TIE,tie,0.00 ,5.00 ,0.00 ,,    ,    ,    ,    ,0,0,3,0
P51,BURNT ORANGE,tie,0.00 ,5.00 ,0.00 ,,    ,    ,    ,    ,0,0,3,0
P6,PERIWINKLE,tie,0.00 ,5.00 ,0.00 ,,    ,    ,    ,    ,0,0,3,0
P61,PEACH SOLID TIE,tie,0.00 ,5.00 ,0.00 ,,    ,    ,    ,    ,0,0,3,0
P70,CHOCOLATE SATIN,tie,0.00 ,5.00 ,0.00 ,,    ,    ,    ,    ,0,0,3,0
P75,CINNAMON SATIN,tie,0.00 ,5.00 ,0.00 ,,    ,    ,    ,    ,0,0,3,0
P8,TEAL,tie,0.00 ,5.00 ,0.00 ,,    ,    ,    ,    ,0,0,3,0
P90,WHT SOLID TIE,tie,0.00 ,5.00 ,0.00 ,,    ,    ,    ,    ,0,0,3,0
P95,WHT & BLK PAISELY TIE,tie,0.00 ,5.00 ,0.00 ,,    ,    ,    ,    ,0,0,3,0
PB,SOLID BOW TIE ,tie,0.00 ,5.00 ,0.00 ,,    ,    ,    ,    ,0,0,0,0
PB10,YELLOW BOW TIE,tie,0.00 ,5.00 ,0.00 ,,    ,    ,    ,    ,0,0,3,0
PB11,SAGE BOW TIE,tie,0.00 ,5.00 ,0.00 ,,    ,    ,    ,    ,0,0,3,0
PB12,PINK BOW TIE,tie,0.00 ,5.00 ,0.00 ,,    ,    ,    ,    ,0,0,3,0
PB14,RED BOW TIE,tie,0.00 ,5.00 ,0.00 ,,    ,    ,    ,    ,0,0,3,0
PB15,IVORY BOW TIE,tie,0.00 ,5.00 ,0.00 ,,    ,    ,    ,    ,0,0,3,0
PB16,ROYAL BLUE BOW TIE,tie,0.00 ,5.00 ,0.00 ,,    ,    ,    ,    ,0,0,3,0
PB17,LIGHT BLUE BOW TIE,tie,0.00 ,5.00 ,0.00 ,,    ,    ,    ,    ,0,0,3,0
PB19,HEATHER BOW TIE,tie,0.00 ,5.00 ,0.00 ,,    ,    ,    ,    ,0,0,3,0
PB2,AQUA BOW TIE,tie,0.00 ,5.00 ,0.00 ,,    ,    ,    ,    ,0,0,3,0
PB20,    ,tie,0.00 ,5.00 ,0.00 ,,    ,    ,    ,    ,0,0,3,0
PB25,MOCHA BOW,tie,0.00 ,5.00 ,0.00 ,,    ,    ,    ,    ,0,0,3,0
PB26,CORAL BOW,tie,0.00 ,5.00 ,0.00 ,,    ,    ,    ,    ,0,0,3,0
PB27,    ,tie,0.00 ,5.00 ,0.00 ,,    ,    ,    ,    ,0,0,3,0
PB28,GOLD BOW TIE,tie,0.00 ,5.00 ,0.00 ,,    ,    ,    ,    ,0,0,3,0
PB29,SILVER BOW TIE,tie,0.00 ,5.00 ,0.00 ,,    ,    ,    ,    ,0,0,3,0
PB3,NAVY BOW TIE,tie,0.00 ,5.00 ,0.00 ,,    ,    ,    ,    ,0,0,3,0
PB31,LIME BOW TIE,tie,0.00 ,5.00 ,0.00 ,,    ,    ,    ,    ,0,0,3,0
PB35,BOW,tie,0.00 ,5.00 ,0.00 ,,    ,    ,    ,    ,0,0,3,0
PB4,FUSCHIA BOW TIE,tie,0.00 ,5.00 ,0.00 ,,    ,    ,    ,    ,0,0,3,0
PB48,    ,tie,0.00 ,5.00 ,0.00 ,,    ,    ,    ,    ,0,0,3,0
PB50,BLK BOW TIE,tie,0.00 ,5.00 ,0.00 ,,    ,    ,    ,    ,0,0,3,0
PB61,PEACH BOW TIE,tie,0.00 ,5.00 ,0.00 ,,    ,    ,    ,    ,0,0,3,0
PB70,CHOCOLATE BOW,tie,0.00 ,5.00 ,0.00 ,,    ,    ,    ,    ,0,0,3,0
PB75,CINNAMON BOW,tie,0.00 ,5.00 ,0.00 ,,    ,    ,    ,    ,0,0,3,0
PB8,    ,tie,0.00 ,5.00 ,0.00 ,,    ,    ,    ,    ,0,0,3,0
PB90,WHT BOW TIE,tie,0.00 ,5.00 ,0.00 ,,    ,    ,    ,    ,0,0,3,0
PC,SOLID CRAVAT TIE,tie,0.00 ,5.00 ,0.00 ,,    ,    ,    ,    ,0,0,0,0
PC1,TANGERINE CRAVAT TIE,tie,0.00 ,5.00 ,0.00 ,,    ,    ,    ,    ,0,0,3,0
PC10,YELLOW CRAVAT,tie,0.00 ,5.00 ,0.00 ,,    ,    ,    ,    ,0,0,3,0
PC11,SAGE CRAVAT TIE,tie,0.00 ,5.00 ,0.00 ,,    ,    ,    ,    ,0,0,3,0
PC12,PINK SOLID CRAVAT TIE,tie,0.00 ,5.00 ,0.00 ,,    ,    ,    ,    ,0,0,3,0
PC14,RED CRAVAT TIE,tie,0.00 ,5.00 ,0.00 ,,    ,    ,    ,    ,0,0,3,0
PC15,IVORY CRAVAT TIE,tie,0.00 ,5.00 ,0.00 ,,    ,    ,    ,    ,0,0,3,0
PC16,ROYAL BLUE CRAVAT TIE,tie,0.00 ,5.00 ,0.00 ,,    ,    ,    ,    ,0,0,3,0
PC17,LIGHT BLUE CRAVAT TIE,tie,0.00 ,5.00 ,0.00 ,,    ,    ,    ,    ,0,0,3,0
PC19,HEATHER CRAVAT TIE,tie,0.00 ,5.00 ,0.00 ,,    ,    ,    ,    ,0,0,3,0
PC2,AQUA CRAVAT TIE,tie,0.00 ,5.00 ,0.00 ,,    ,    ,    ,    ,0,0,3,0
PC25,MOCHA CRAVAT,tie,0.00 ,5.00 ,0.00 ,,    ,    ,    ,    ,0,0,3,0
PC26,CORAL CRAVAT,tie,0.00 ,5.00 ,0.00 ,,    ,    ,    ,    ,0,0,3,0
PC28,GOLD CRAVAT TIE,tie,0.00 ,5.00 ,0.00 ,,    ,    ,    ,    ,0,0,3,0
PC29,SILVER CRAVAT TIE,tie,0.00 ,5.00 ,0.00 ,,    ,    ,    ,    ,0,0,3,0
PC3,NAVY CRAVAT TIE,tie,0.00 ,5.00 ,0.00 ,,    ,    ,    ,    ,0,0,3,0
PC31,LIME CRAVAT TIE,tie,0.00 ,5.00 ,0.00 ,,    ,    ,    ,    ,0,0,3,0
PC35,    ,tie,0.00 ,5.00 ,0.00 ,,    ,    ,    ,    ,0,0,3,0
PC4,FUSCHIA CRAVAT TIE,tie,0.00 ,5.00 ,0.00 ,,    ,    ,    ,    ,0,0,3,0
PC48,CRAVAT TIE,tie,0.00 ,5.00 ,0.00 ,,    ,    ,    ,    ,0,0,3,0
PC5,BURG CRAVAT,tie,0.00 ,5.00 ,0.00 ,,    ,    ,    ,    ,0,0,3,0
PC50,BLK CRAVAT TIE,tie,0.00 ,5.00 ,0.00 ,,    ,    ,    ,    ,0,0,3,0
PC61,PEACH CRAVAT TIE,tie,0.00 ,5.00 ,0.00 ,,    ,    ,    ,    ,0,0,3,0
PC70,CHOCOLATE CRAVAT,tie,0.00 ,5.00 ,0.00 ,,    ,    ,    ,    ,0,0,3,0
PC75,CINNAMON CRAVAT,tie,0.00 ,5.00 ,0.00 ,,    ,    ,    ,    ,0,0,3,0
PC90,WHT CRAVAT TIE,tie,0.00 ,5.00 ,0.00 ,,    ,    ,    ,    ,0,0,3,0
PINT,PINNACLE EURO-TIE,tie,0.00 ,5.00 ,0.00 ,,    ,    ,    ,    ,0,0,3,0
PINV,PINNACLE TIE,tie,0.00 ,5.00 ,0.00 ,,    ,    ,    ,    ,0,0,3,0
PKV,PK TIE AND TIE,tie,0.00 ,5.00 ,0.00 ,,    ,    ,    ,    ,0,0,3,0
PL03,BLACK WATCH TIE,tie,0.00 ,5.00 ,0.00 ,,    ,    ,    ,    ,0,0,3,0
PL14,PLAID FULL BACK TIE,tie,0.00 ,5.00 ,0.00 ,,    ,    ,    ,    ,0,0,3,0
PN,SOLID NECK TIE,tie,0.00 ,5.00 ,0.00 ,,    ,    ,    ,    ,0,0,0,0
PN1,TANGERINE NECK TIE,tie,0.00 ,5.00 ,0.00 ,,    ,    ,    ,    ,0,0,3,0
PN10,YELLOW NECK,tie,0.00 ,5.00 ,0.00 ,,    ,    ,    ,    ,0,0,3,0
PN11,SAGE NECK TIE,tie,0.00 ,5.00 ,0.00 ,,    ,    ,    ,    ,0,0,3,0
PN12,PINK NECK TIE,tie,0.00 ,5.00 ,0.00 ,,    ,    ,    ,    ,0,0,3,0
PN13,HUCKLE,tie,0.00 ,5.00 ,0.00 ,,    ,    ,    ,    ,0,0,3,0
PN14,RED NECK TIE,tie,0.00 ,5.00 ,0.00 ,,    ,    ,    ,    ,0,0,3,0
PN14A,CRIMSON NECK TIE,tie,0.00 ,5.00 ,0.00 ,,    ,    ,    ,    ,0,0,3,0
PN15,IVORY NECK TIE,tie,0.00 ,5.00 ,0.00 ,,    ,    ,    ,    ,0,0,3,0
PN16,ROYAL BLUE NECK TIE,tie,0.00 ,5.00 ,0.00 ,,    ,    ,    ,    ,0,0,3,0
PN16A,    ,tie,0.00 ,5.00 ,0.00 ,,    ,    ,    ,    ,0,0,3,0
PN17,LIGHT BLUE NECK TIE,tie,0.00 ,5.00 ,0.00 ,,    ,    ,    ,    ,0,0,3,0
PN19,HEATHER NECK TIE,tie,0.00 ,5.00 ,0.00 ,,    ,    ,    ,    ,0,0,3,0
PN2,AQUA NECK TIE,tie,0.00 ,5.00 ,0.00 ,,    ,    ,    ,    ,0,0,3,0
PN20,BUBBLE GUM TIE,tie,0.00 ,5.00 ,0.00 ,,    ,    ,    ,    ,0,0,3,0
PN25,MOCHA NECK,tie,0.00 ,5.00 ,0.00 ,,    ,    ,    ,    ,0,0,3,0
PN26,CORAL TIE,tie,0.00 ,5.00 ,0.00 ,,    ,    ,    ,    ,0,0,3,0
PN27,PURPLE NECK,tie,0.00 ,5.00 ,0.00 ,,    ,    ,    ,    ,0,0,3,0
PN28,GOLD NECK TIE,tie,0.00 ,5.00 ,0.00 ,,    ,    ,    ,    ,0,0,3,0
PN29,SILVER NECK TIE,tie,0.00 ,5.00 ,0.00 ,,    ,    ,    ,    ,0,0,3,0
PN3,NAVY NECK TIE,tie,0.00 ,5.00 ,0.00 ,,    ,    ,    ,    ,0,0,3,0
PN31,LIME NECK TIE,tie,0.00 ,5.00 ,0.00 ,,    ,    ,    ,    ,0,0,3,0
PN35,BAMBOO NECK TIE,tie,0.00 ,5.00 ,0.00 ,,    ,    ,    ,    ,0,0,3,0
PN4,FUSCHIA NECK TIE,tie,0.00 ,5.00 ,0.00 ,,    ,    ,    ,    ,0,0,3,0
PN48,    ,tie,0.00 ,5.00 ,0.00 ,,    ,    ,    ,    ,0,0,3,0
PN5,BURG SOLID NECK,tie,0.00 ,5.00 ,0.00 ,,    ,    ,    ,    ,0,0,3,0
PN50,BLK NECK TIE,tie,0.00 ,5.00 ,0.00 ,,    ,    ,    ,    ,0,0,3,0
PN51,BURNT ORANGE NECK,tie,0.00 ,5.00 ,0.00 ,,    ,    ,    ,    ,0,0,3,0
PN6,PERIWINKLE NECK,tie,0.00 ,5.00 ,0.00 ,,    ,    ,    ,    ,0,0,3,0
PN61,PEACH NECK TIE,tie,0.00 ,5.00 ,0.00 ,,    ,    ,    ,    ,0,0,3,0
PN70,CHOCOLATE TIE,tie,0.00 ,5.00 ,0.00 ,,    ,    ,    ,    ,0,0,3,0
PN75,CINNAMON TIE,tie,0.00 ,5.00 ,0.00 ,,    ,    ,    ,    ,0,0,3,0
PN8,SOLID TEAL TIE,tie,0.00 ,5.00 ,0.00 ,,    ,    ,    ,    ,0,0,3,0
PN90,WHT NECK TIE,tie,0.00 ,5.00 ,0.00 ,,    ,    ,    ,    ,0,0,3,0
RTA,RETRO TIES,tie,0.00 ,5.00 ,0.00 ,,    ,    ,    ,    ,0,0,0,0
RTA15,    ,tie,0.00 ,5.00 ,0.00 ,,    ,    ,    ,    ,0,0,3,0
RTA19,    ,tie,0.00 ,5.00 ,0.00 ,,    ,    ,    ,    ,0,0,3,0
RTA28,    ,tie,0.00 ,5.00 ,0.00 ,,    ,    ,    ,    ,0,0,3,0
RTA29,    ,tie,0.00 ,5.00 ,0.00 ,,    ,    ,    ,    ,0,0,3,0
RTA48,    ,tie,0.00 ,5.00 ,0.00 ,,    ,    ,    ,    ,0,0,3,0
RTA50,    ,tie,0.00 ,5.00 ,0.00 ,,    ,    ,    ,    ,0,0,3,0
RTA6,    ,tie,0.00 ,5.00 ,0.00 ,,    ,    ,    ,    ,0,0,3,0
RTA9,    ,tie,0.00 ,5.00 ,0.00 ,,    ,    ,    ,    ,0,0,3,0
RTA90,    ,tie,0.00 ,5.00 ,0.00 ,,    ,    ,    ,    ,0,0,3,0
RTB,RETRO BOW TIES,tie,0.00 ,5.00 ,0.00 ,,    ,    ,    ,    ,0,0,0,0
RTB10,    ,tie,0.00 ,5.00 ,0.00 ,,    ,    ,    ,    ,0,0,3,0
RTB15,    ,tie,0.00 ,5.00 ,0.00 ,,    ,    ,    ,    ,0,0,3,0
RTB19,    ,tie,0.00 ,5.00 ,0.00 ,,    ,    ,    ,    ,0,0,3,0
RTB28,    ,tie,0.00 ,5.00 ,0.00 ,,    ,    ,    ,    ,0,0,3,0
RTB29,    ,tie,0.00 ,5.00 ,0.00 ,,    ,    ,    ,    ,0,0,3,0
RTB48,    ,tie,0.00 ,5.00 ,0.00 ,,    ,    ,    ,    ,0,0,3,0
RTB50,    ,tie,0.00 ,5.00 ,0.00 ,,    ,    ,    ,    ,0,0,3,0
RTB6,    ,tie,0.00 ,5.00 ,0.00 ,,    ,    ,    ,    ,0,0,3,0
RTB9,    ,tie,0.00 ,5.00 ,0.00 ,,    ,    ,    ,    ,0,0,3,0
RTB90,    ,tie,0.00 ,5.00 ,0.00 ,,    ,    ,    ,    ,0,0,3,0
RTN14,RED NECK TIE,tie,0.00 ,5.00 ,0.00 ,,    ,    ,    ,    ,0,0,3,0
RTN15,    ,tie,0.00 ,5.00 ,0.00 ,,    ,    ,    ,    ,0,0,3,0
RTN19,    ,tie,0.00 ,5.00 ,0.00 ,,    ,    ,    ,    ,0,0,3,0
RTN28,    ,tie,0.00 ,5.00 ,0.00 ,,    ,    ,    ,    ,0,0,3,0
RTN29,SILVER NECK,tie,0.00 ,5.00 ,0.00 ,,    ,    ,    ,    ,0,0,3,0
RTN48,PLAT NECK TIE,tie,0.00 ,5.00 ,0.00 ,,    ,    ,    ,    ,0,0,3,0
RTN50,RETRO NECK TIE,tie,0.00 ,5.00 ,0.00 ,,    ,    ,    ,    ,0,0,3,0
RTN6,DESSERT BLUE NECK TIE,tie,0.00 ,5.00 ,0.00 ,,    ,    ,    ,    ,0,0,3,0
RTN9,    ,tie,0.00 ,5.00 ,0.00 ,,    ,    ,    ,    ,0,0,3,0
RTN90,    ,tie,0.00 ,5.00 ,0.00 ,,    ,    ,    ,    ,0,0,3,0
ST,SOLID TIES,tie,0.00 ,5.00 ,0.00 ,,    ,    ,    ,    ,0,0,0,0
ST1,SASH/TIE APRICOT,tie,0.00 ,5.00 ,0.00 ,,    ,    ,    ,    ,0,0,3,0
ST10,SASH/TIE YELLOW,tie,0.00 ,5.00 ,0.00 ,,    ,    ,    ,    ,0,0,3,0
ST10A,HARTIE SASH,tie,0.00 ,5.00 ,0.00 ,,    ,    ,    ,    ,0,0,3,0
ST11,SASH/TIE MINT GREEN,tie,0.00 ,5.00 ,0.00 ,,    ,    ,    ,    ,0,0,3,0
ST12,SASH/TIE PINK HAZE,tie,0.00 ,5.00 ,0.00 ,,    ,    ,    ,    ,0,0,3,0
ST12A,SASH/TIE LT. PINK,tie,0.00 ,5.00 ,0.00 ,,    ,    ,    ,    ,0,0,3,0
ST12L,SASH/TIE PINK LAME,tie,0.00 ,5.00 ,0.00 ,,    ,    ,    ,    ,0,0,3,0
ST13,SASH/TIE HUCKLEBERRY,tie,0.00 ,5.00 ,0.00 ,,    ,    ,    ,    ,0,0,3,0
ST14,SASH/TIE RED,tie,0.00 ,5.00 ,0.00 ,,    ,    ,    ,    ,0,0,3,0
ST14L,SASH/TIE RED LAME,tie,0.00 ,5.00 ,0.00 ,,    ,    ,    ,    ,0,0,3,0
ST15,SASH/TIE IVORY,tie,0.00 ,5.00 ,0.00 ,,    ,    ,    ,    ,0,0,3,0
ST16,SASH/TIE ROYAL BLUE,tie,0.00 ,5.00 ,0.00 ,,    ,    ,    ,    ,0,0,3,0
ST16L,SASH/TIE BLUE LAME,tie,0.00 ,5.00 ,0.00 ,,    ,    ,    ,    ,0,0,3,0
ST17,SASH/TIE - SKY BLUE,tie,0.00 ,5.00 ,0.00 ,,    ,    ,    ,    ,0,0,3,0
ST18,SASH/TIE LT.LILAC,tie,0.00 ,5.00 ,0.00 ,,    ,    ,    ,    ,0,0,3,0
ST19,SASH/TIE LILAC,tie,0.00 ,5.00 ,0.00 ,,    ,    ,    ,    ,0,0,3,0
ST1A,SHRIMP ST,tie,0.00 ,5.00 ,0.00 ,,    ,    ,    ,    ,0,0,3,0
ST2,SASH/TIE AQUA,tie,0.00 ,5.00 ,0.00 ,,    ,    ,    ,    ,0,0,3,0
ST20,SASH/TIE HOT PINK,tie,0.00 ,5.00 ,0.00 ,,    ,    ,    ,    ,0,0,3,0
ST21,SASH/TIE EMERALD GREEN,tie,0.00 ,5.00 ,0.00 ,,    ,    ,    ,    ,0,0,3,0
ST21L,SASH/TIE EMERALD LAME,tie,0.00 ,5.00 ,0.00 ,,    ,    ,    ,    ,0,0,3,0
ST22,SASH/TIE MAUVE,tie,0.00 ,5.00 ,0.00 ,,    ,    ,    ,    ,0,0,3,0
ST25,SASH/TIE BEIGE,tie,0.00 ,5.00 ,0.00 ,,    ,    ,    ,    ,0,0,3,0
ST26,SASH/TIE DUSTY ROSE,tie,0.00 ,5.00 ,0.00 ,,    ,    ,    ,    ,0,0,3,0
ST27,SASH/TIE PURPLE,tie,0.00 ,5.00 ,0.00 ,,    ,    ,    ,    ,0,0,3,0
ST28,SASH/TIE GOLD,tie,0.00 ,5.00 ,0.00 ,,    ,    ,    ,    ,0,0,3,0
ST28L,SASH/TIE GOLD LAME,tie,0.00 ,5.00 ,0.00 ,,    ,    ,    ,    ,0,0,3,0
ST29,SILVER SASH,tie,0.00 ,5.00 ,0.00 ,,    ,    ,    ,    ,0,0,3,0
ST29L,SASH/TIE SILVER LAME,tie,0.00 ,5.00 ,0.00 ,,    ,    ,    ,    ,0,0,3,0
ST3,SASH/TIE NAVY BLUE,tie,0.00 ,5.00 ,0.00 ,,    ,    ,    ,    ,0,0,3,0
ST30,SASH/TIE - PEACOCK,tie,0.00 ,5.00 ,0.00 ,,    ,    ,    ,    ,0,0,3,0
ST31,SASH/TIE KELLY GREEN,tie,0.00 ,5.00 ,0.00 ,,    ,    ,    ,    ,0,0,3,0
ST32,SASH/TIE CANDY,tie,0.00 ,5.00 ,0.00 ,,    ,    ,    ,    ,0,0,3,0
ST4,SASH/TIE RASPBERRY,tie,0.00 ,5.00 ,0.00 ,,    ,    ,    ,    ,0,0,3,0
ST48,SASH/TIE SILVER,tie,0.00 ,5.00 ,0.00 ,,    ,    ,    ,    ,0,0,3,0
ST5,SASH/TIE BURGUNDY,tie,0.00 ,5.00 ,0.00 ,,    ,    ,    ,    ,0,0,3,0
ST50,SASH/TIE BLK,tie,0.00 ,5.00 ,0.00 ,,    ,    ,    ,    ,0,0,3,0
ST6,SASH/TIE EMPIRE BLUE,tie,0.00 ,5.00 ,0.00 ,,    ,    ,    ,    ,0,0,3,0
ST61,SASH/TIE PEACH,tie,0.00 ,5.00 ,0.00 ,,    ,    ,    ,    ,0,0,3,0
ST7,PLUM ST,tie,0.00 ,5.00 ,0.00 ,,    ,    ,    ,    ,0,0,3,0
ST8,SASH/TIE TEAL BLUE,tie,0.00 ,5.00 ,0.00 ,,    ,    ,    ,    ,0,0,3,0
ST83,SASH/TIE STERLING,tie,0.00 ,5.00 ,0.00 ,,    ,    ,    ,    ,0,0,3,0
ST9,SASH/TIE LAVENDER,tie,0.00 ,5.00 ,0.00 ,,    ,    ,    ,    ,0,0,3,0
ST90,SASH/TIE WHITE,tie,0.00 ,5.00 ,0.00 ,,    ,    ,    ,    ,0,0,3,0
STHM,HARTIE MAIZE SASH & TIE,tie,0.00 ,5.00 ,0.00 ,,    ,    ,    ,    ,0,0,3,0
V,VINELLND VESTS,tie,0.00 ,5.00 ,0.00 ,,    ,    ,    ,    ,0,0,0,0
V10,BANANA,tie,0.00 ,5.00 ,0.00 ,,    ,    ,    ,    ,0,0,3,0
V11,CELEDON,tie,0.00 ,5.00 ,0.00 ,,    ,    ,    ,    ,0,0,3,0
V12,VINEYARD ROSE PETAL,tie,0.00 ,5.00 ,0.00 ,,    ,    ,    ,    ,0,0,3,0
V12A,PEARL PINK,tie,0.00 ,5.00 ,0.00 ,,    ,    ,    ,    ,0,0,3,0
V13,SANGRIA,tie,0.00 ,5.00 ,0.00 ,,    ,    ,    ,    ,0,0,3,0
V14,FIRE RED,tie,0.00 ,5.00 ,0.00 ,,    ,    ,    ,    ,0,0,3,0
V14A,APPLE RED,tie,0.00 ,5.00 ,0.00 ,,    ,    ,    ,    ,0,0,3,0
V15,IVORY VINEYARDS,tie,0.00 ,5.00 ,0.00 ,,    ,    ,    ,    ,0,0,3,0
V16,HORIZON,tie,0.00 ,5.00 ,0.00 ,,    ,    ,    ,    ,0,0,3,0
V17,CAPRI,tie,0.00 ,5.00 ,0.00 ,,    ,    ,    ,    ,0,0,3,0
V18,LT LILAC,tie,0.00 ,5.00 ,0.00 ,,    ,    ,    ,    ,0,0,3,0
V19,WILD ORCHID,tie,0.00 ,5.00 ,0.00 ,,    ,    ,    ,    ,0,0,3,0
V19A,    ,tie,0.00 ,5.00 ,0.00 ,,    ,    ,    ,    ,0,0,3,0
V2,TROPIC,tie,0.00 ,5.00 ,0.00 ,,    ,    ,    ,    ,0,0,3,0
V20,WATERMELON,tie,0.00 ,5.00 ,0.00 ,,    ,    ,    ,    ,0,0,3,0
V21,FERN,tie,0.00 ,5.00 ,0.00 ,,    ,    ,    ,    ,0,0,3,0
V25,CHAPAGNE VINEYARDS,tie,0.00 ,5.00 ,0.00 ,,    ,    ,    ,    ,0,0,3,0
V26,CORAL,tie,0.00 ,5.00 ,0.00 ,,    ,    ,    ,    ,0,0,3,0
V27,REGENCY,tie,0.00 ,5.00 ,0.00 ,,    ,    ,    ,    ,0,0,3,0
V28,SAFFRON,tie,0.00 ,5.00 ,0.00 ,,    ,    ,    ,    ,0,0,3,0
V29,SILVER,tie,0.00 ,5.00 ,0.00 ,,    ,    ,    ,    ,0,0,3,0
V3,MIDNIGHT BLUE,tie,0.00 ,5.00 ,0.00 ,,    ,    ,    ,    ,0,0,3,0
V30,POOL BLUE,tie,0.00 ,5.00 ,0.00 ,,    ,    ,    ,    ,0,0,3,0
V31,CLOVER,tie,0.00 ,5.00 ,0.00 ,,    ,    ,    ,    ,0,0,3,0
V35,LATTE,tie,0.00 ,5.00 ,0.00 ,,    ,    ,    ,    ,0,0,3,0
V4,FUSHIA,tie,0.00 ,5.00 ,0.00 ,,    ,    ,    ,    ,0,0,3,0
V5,WINE,tie,0.00 ,5.00 ,0.00 ,,    ,    ,    ,    ,0,0,3,0
V50,BLACK,tie,0.00 ,5.00 ,0.00 ,,    ,    ,    ,    ,0,6.5,3,0
V51,PERSIMMON,tie,0.00 ,5.00 ,0.00 ,,    ,    ,    ,    ,0,6.5,3,0
V59,CHARCOAL,tie,0.00 ,5.00 ,0.00 ,,    ,    ,    ,    ,0,6.5,3,0
V6,CORNFLOWER,tie,0.00 ,5.00 ,0.00 ,,    ,    ,    ,    ,0,6.5,3,0
V7,PLUM,tie,0.00 ,5.00 ,0.00 ,,    ,    ,    ,    ,0,6.5,3,0
V70,    ,tie,0.00 ,5.00 ,0.00 ,,    ,    ,    ,    ,0,6.5,3,0
V75,COGNAC,tie,0.00 ,5.00 ,0.00 ,,    ,    ,    ,    ,0,6.5,3,0
V8,TEAL,tie,0.00 ,5.00 ,0.00 ,,    ,    ,    ,    ,0,0,3,0
V9,WISTERIA VINEYARDS,tie,0.00 ,5.00 ,0.00 ,,    ,    ,    ,    ,0,0,3,0
V90,WHT,tie,0.00 ,5.00 ,0.00 ,,    ,    ,    ,    ,0,0,3,0
VB,VINELAND BOW TIES,tie,0.00 ,5.00 ,0.00 ,,    ,    ,    ,    ,0,0,0,0
VB1,    ,tie,0.00 ,5.00 ,0.00 ,,    ,    ,    ,    ,0,0,3,0
VB10,BANANA BOW,tie,0.00 ,5.00 ,0.00 ,,    ,    ,    ,    ,0,0,3,0
VB11,CELEDON BOW,tie,0.00 ,5.00 ,0.00 ,,    ,    ,    ,    ,0,0,3,0
VB12,ROSE BOW,tie,0.00 ,5.00 ,0.00 ,,    ,    ,    ,    ,0,0,3,0
VB12A,PEARL BOW,tie,0.00 ,5.00 ,0.00 ,,    ,    ,    ,    ,0,0,3,0
VB14,FIRE RED BOW,tie,0.00 ,5.00 ,0.00 ,,    ,    ,    ,    ,0,0,3,0
VB14A,APPLE RED BOW,tie,0.00 ,5.00 ,0.00 ,,    ,    ,    ,    ,0,0,3,0
VB15,IVY BOW,tie,0.00 ,5.00 ,0.00 ,,    ,    ,    ,    ,0,0,3,0
VB16,HORIZON BOW,tie,0.00 ,5.00 ,0.00 ,,    ,    ,    ,    ,0,0,3,0
VB17,CAPRI BOW,tie,0.00 ,5.00 ,0.00 ,,    ,    ,    ,    ,0,0,3,0
VB19,WILD ORCHID BOW,tie,0.00 ,5.00 ,0.00 ,,    ,    ,    ,    ,0,0,3,0
VB2,TROPIC BOW,tie,0.00 ,5.00 ,0.00 ,,    ,    ,    ,    ,0,0,3,0
VB20,WATERMELLON BOW,tie,0.00 ,5.00 ,0.00 ,,    ,    ,    ,    ,0,0,3,0
VB21,FERN BOW,tie,0.00 ,5.00 ,0.00 ,,    ,    ,    ,    ,0,0,3,0
VB25,CHAMPAGNE BOW,tie,0.00 ,5.00 ,0.00 ,,    ,    ,    ,    ,0,0,3,0
VB26,CORAL BOW,tie,0.00 ,5.00 ,0.00 ,,    ,    ,    ,    ,0,0,3,0
VB27,REGENCY BOW,tie,0.00 ,5.00 ,0.00 ,,    ,    ,    ,    ,0,0,3,0
VB28,SAFFRON BOW,tie,0.00 ,5.00 ,0.00 ,,    ,    ,    ,    ,0,0,3,0
VB29,SILVER BOW,tie,0.00 ,5.00 ,0.00 ,,    ,    ,    ,    ,0,0,3,0
VB30,POOL BLUE BOW,tie,0.00 ,5.00 ,0.00 ,,    ,    ,    ,    ,0,0,3,0
VB31,CLOVER BOW,tie,0.00 ,5.00 ,0.00 ,,    ,    ,    ,    ,0,0,3,0
VB35,LATTE BOW,tie,0.00 ,5.00 ,0.00 ,,    ,    ,    ,    ,0,0,3,0
VB4,FUSHIA BOW,tie,0.00 ,5.00 ,0.00 ,,    ,    ,    ,    ,0,0,3,0
VB5,WINE BOW,tie,0.00 ,5.00 ,0.00 ,,    ,    ,    ,    ,0,0,3,0
VB50,BLK BOW,tie,0.00 ,5.00 ,0.00 ,,    ,    ,    ,    ,0,0,3,0
VB51,PERSIMMON BOW,tie,0.00 ,5.00 ,0.00 ,,    ,    ,    ,    ,0,0,3,0
VB59,CHARCOAL BOW,tie,0.00 ,5.00 ,0.00 ,,    ,    ,    ,    ,0,0,3,0
VB6,CORNFLOWER BOW,tie,0.00 ,5.00 ,0.00 ,,    ,    ,    ,    ,0,0,3,0
VB75,COGNAC BOW,tie,0.00 ,5.00 ,0.00 ,,    ,    ,    ,    ,0,0,3,0
VB8,TEAL BOW,tie,0.00 ,5.00 ,0.00 ,,    ,    ,    ,    ,0,0,3,0
VB9,    ,tie,0.00 ,5.00 ,0.00 ,,    ,    ,    ,    ,0,0,3,0
VB90,WHT BOW,tie,0.00 ,5.00 ,0.00 ,,    ,BC50,    ,    ,0,0,3,0
VN,VINELAND NECK TIES,tie,0.00 ,5.00 ,0.00 ,,    ,    ,    ,    ,0,0,0,0
VN1,TANGERINE TIE,tie,0.00 ,5.00 ,0.00 ,,    ,    ,    ,    ,0,0,3,0
VN10,BANANA NECK,tie,0.00 ,5.00 ,0.00 ,,    ,    ,    ,    ,0,0,3,0
VN11,CELEDON TIE,tie,0.00 ,5.00 ,0.00 ,,    ,    ,    ,    ,0,0,3,0
VN12,VINEYARD ROSE PEDAL TIE,tie,0.00 ,5.00 ,0.00 ,,    ,    ,    ,    ,0,0,3,0
VN12A,PEARL NECK,tie,0.00 ,5.00 ,0.00 ,,    ,    ,    ,    ,0,0,3,0
VN13,SANGRIA NECK,tie,0.00 ,5.00 ,0.00 ,,    ,    ,    ,    ,0,0,3,0
VN14,FIRE RED NECK,tie,0.00 ,5.00 ,0.00 ,,    ,    ,    ,    ,0,0,3,0
VN14A,APPLE RED NECK,tie,0.00 ,5.00 ,0.00 ,,    ,    ,    ,    ,0,0,3,0
VN15,IVORY NECK,tie,0.00 ,5.00 ,0.00 ,,    ,    ,    ,    ,0,0,3,0
VN16,HORIZON NECK,tie,0.00 ,5.00 ,0.00 ,,    ,    ,    ,    ,0,0,3,0
VN17,CAPRI NECK,tie,0.00 ,5.00 ,0.00 ,,    ,    ,    ,    ,0,0,3,0
VN18,LT LILAC,tie,0.00 ,5.00 ,0.00 ,,    ,    ,    ,    ,0,0,3,0
VN19,WILD ORCHID NECK,tie,0.00 ,5.00 ,0.00 ,,    ,    ,    ,    ,0,0,3,0
VN19A,    ,tie,0.00 ,5.00 ,0.00 ,,    ,    ,    ,    ,0,0,3,0
VN2,TROPIC NECK,tie,0.00 ,5.00 ,0.00 ,,    ,    ,    ,    ,0,0,3,0
VN20,WATERMELLON NECK,tie,0.00 ,5.00 ,0.00 ,,    ,    ,    ,    ,0,0,3,0
VN21,FERN NECK,tie,0.00 ,5.00 ,0.00 ,,    ,    ,    ,    ,0,0,3,0
VN25,CHAPAGNE NECK,tie,0.00 ,5.00 ,0.00 ,,    ,    ,    ,    ,0,0,3,0
VN26,CORAL NECK,tie,0.00 ,5.00 ,0.00 ,,    ,    ,    ,    ,0,0,3,0
VN27,REGENCY NECK,tie,0.00 ,5.00 ,0.00 ,,    ,    ,    ,    ,0,0,3,0
VN28,SAFFRON NECK,tie,0.00 ,5.00 ,0.00 ,,,,,,0,0,3,
VN29,SILVER NECK,tie,0.00 ,5.00 ,0.00 ,,,,,,0,0,3,
VN3,    ,tie,0.00 ,5.00 ,0.00 ,,    ,    ,    ,    ,0,0,3,0
VN30,POOL BLUE NECK,tie,0.00 ,5.00 ,0.00 ,,    ,    ,    ,    ,0,0,3,0
VN31,CLOVER NECK,tie,0.00 ,5.00 ,0.00 ,,    ,    ,    ,    ,0,0,3,0
VN35,LATTE NECK,tie,0.00 ,5.00 ,0.00 ,,    ,    ,    ,    ,0,0,3,0
VN4,FUSHIA NECK,tie,0.00 ,5.00 ,0.00 ,,    ,    ,    ,    ,0,0,3,0
VN5,WINE NECK,tie,0.00 ,5.00 ,0.00 ,,    ,    ,    ,    ,0,0,3,0
VN50,BLACK NECK,tie,0.00 ,5.00 ,0.00 ,,    ,    ,    ,    ,0,0,3,0
VN51,PERSIMMON NECK,tie,0.00 ,5.00 ,0.00 ,,    ,    ,    ,    ,0,0,3,0
VN59,CHARCOAL NECK,tie,0.00 ,5.00 ,0.00 ,,    ,    ,    ,    ,0,0,3,0
VN6,CORNFLOWER TIE,tie,0.00 ,5.00 ,0.00 ,,    ,    ,    ,    ,0,0,3,0
VN7,    ,tie,0.00 ,5.00 ,0.00 ,,    ,    ,    ,    ,0,0,3,0
VN70,    ,tie,0.00 ,5.00 ,0.00 ,,    ,    ,    ,    ,0,0,3,0
VN75,COGNAC NECK,tie,0.00 ,5.00 ,0.00 ,,    ,    ,    ,    ,0,0,3,0
VN8,TEAL NECK,tie,0.00 ,5.00 ,0.00 ,,    ,    ,    ,    ,0,0,3,0
VN9,WISTERIA,tie,0.00 ,5.00 ,0.00 ,,    ,    ,    ,    ,0,0,3,0
VN90,WHT NECK,tie,0.00 ,5.00 ,0.00 ,,    ,    ,    ,    ,0,0,3,0
WS,WHT SATIN,tie,0.00 ,5.00 ,0.00 ,,    ,    ,    ,    ,0,0,3,0
WS90,5 BUTTON WHITE SATIN FULL BACK TIE,tie,0.00 ,5.00 ,0.00 ,,    ,    ,    ,    ,0,0,3,0
WSN90,WHITE SATIN NECK TIE,tie,0.00 ,5.00 ,0.00 ,,    ,    ,    ,    ,0,0,3,0
920S,GREY CUTAWAY VEST SINGLE BREASTED,vest,0.00 ,15.00 ,0.00 ,,,,,,0,0,3,0
A,ABBOUD VEST,vest,0.00 ,15.00 ,0.00 ,,    ,    ,    ,    ,0,0,0,0
A1,PEACH ABBOUD,vest,0.00 ,15.00 ,0.00 ,,    ,    ,    ,    ,0,0,3,0
A10,BUTTERCUP ABBOUD,vest,0.00 ,15.00 ,0.00 ,,    ,    ,    ,    ,0,0,3,0
A11,KIWI ABBOUD,vest,0.00 ,15.00 ,0.00 ,,    ,    ,    ,    ,0,0,3,0
A12,LIGHT PINK,vest,0.00 ,15.00 ,0.00 ,,    ,    ,    ,    ,0,0,3,0
A14,RED ABBOUD,vest,0.00 ,15.00 ,0.00 ,,    ,    ,    ,    ,0,0,3,0
A15,IVY ABBOUD,vest,0.00 ,15.00 ,0.00 ,,    ,    ,    ,    ,0,0,3,0
A19,LILAC ABBOUD,vest,0.00 ,15.00 ,0.00 ,,    ,    ,    ,    ,0,0,3,0
A2,DK TURQ ABBOUD,vest,0.00 ,15.00 ,0.00 ,,    ,    ,    ,    ,0,0,3,0
A20,BUBBLE GUM ABBOUD,vest,0.00 ,15.00 ,0.00 ,,    ,    ,    ,    ,0,0,3,0
A21,PISTACHIO ABBOUD,vest,0.00 ,15.00 ,0.00 ,,    ,    ,    ,    ,0,0,3,0
A22,GINGER ABBOUD,vest,0.00 ,15.00 ,0.00 ,,    ,    ,    ,    ,0,0,3,0
A25,STRAW ABBOUD,vest,0.00 ,15.00 ,0.00 ,,    ,    ,    ,    ,0,0,3,0
A26,CORAL ABBOUD,vest,0.00 ,15.00 ,0.00 ,,    ,    ,    ,    ,0,0,3,0
A28,GOLD ABBOUD,vest,0.00 ,15.00 ,0.00 ,,    ,    ,    ,    ,0,0,3,0
A29,SILVER ABBOUD,vest,0.00 ,15.00 ,0.00 ,,    ,    ,    ,    ,0,0,3,0
A31,EMERALD GREEN ABBOUD,vest,0.00 ,15.00 ,0.00 ,,    ,    ,    ,    ,0,0,3,0
A48,ICE ABBOUD,vest,0.00 ,15.00 ,0.00 ,,    ,    ,    ,    ,0,0,3,0
A5,BURG ABBOUD,vest,0.00 ,15.00 ,0.00 ,,    ,    ,    ,    ,0,0,3,0
A50,BLK ABOUD,vest,0.00 ,15.00 ,0.00 ,,    ,    ,    ,    ,0,0,3,0
A51,HOT ORANGE ABBOUD,vest,0.00 ,15.00 ,0.00 ,,    ,    ,    ,    ,0,0,3,0
A59,CHARCOAL ABBOUD,vest,0.00 ,15.00 ,0.00 ,,    ,    ,    ,    ,0,0,3,0
A6,CLOUDY ABBOUD,vest,0.00 ,15.00 ,0.00 ,,    ,    ,    ,    ,0,0,3,0
A70,PALIMINO ABBOUD,vest,0.00 ,15.00 ,0.00 ,,    ,    ,    ,    ,0,0,3,0
A8,AQUA ABBOUD,vest,0.00 ,15.00 ,0.00 ,,    ,    ,    ,    ,0,0,3,0
A9,LAVENDER ABBOUD,vest,0.00 ,15.00 ,0.00 ,,    ,    ,    ,    ,0,0,3,0
A90,WHITE ABBOUD,vest,0.00 ,15.00 ,0.00 ,,    ,    ,    ,    ,0,0,3,0
BS,BLK SATIN,vest,0.00 ,15.00 ,0.00 ,,    ,    ,    ,    ,0,0,3,0
D ,VINEYARD VESTS,vest,0.00 ,15.00 ,0.00 ,,P95,P95,    ,    ,0,0,0,0
D12,    ,vest,0.00 ,15.00 ,0.00 ,,    ,    ,    ,    ,0,0,3,0
D14,    ,vest,0.00 ,15.00 ,0.00 ,,    ,    ,    ,    ,0,0,3,0
D15,    ,vest,0.00 ,15.00 ,0.00 ,,    ,    ,    ,    ,0,0,3,0
D17,    ,vest,0.00 ,15.00 ,0.00 ,,    ,    ,    ,    ,0,0,3,0
D25,    ,vest,0.00 ,15.00 ,0.00 ,,    ,    ,    ,    ,0,0,3,0
D29,    ,vest,0.00 ,15.00 ,0.00 ,,    ,    ,    ,    ,0,0,3,0
D48,    ,vest,0.00 ,15.00 ,0.00 ,,    ,    ,    ,    ,0,0,3,0
D5,BURGUNDY,vest,0.00 ,15.00 ,0.00 ,,    ,    ,    ,    ,0,0,3,0
D50,BLACK,vest,0.00 ,15.00 ,0.00 ,,    ,    ,    ,    ,0,0,3,0
D90,WHITE,vest,0.00 ,15.00 ,0.00 ,,    ,    ,    ,    ,0,0,3,0
FB15,FULL BACK IVORY SATIN VEST,vest,0.00 ,15.00 ,0.00 ,,    ,    ,    ,    ,0,0,3,0
FB50,FULL BACK BLK SATIN VEST,vest,0.00 ,15.00 ,0.00 ,,    ,    ,    ,    ,0,0,3,0
FB90,FULL BACK WHT SATIN VEST,vest,0.00 ,15.00 ,0.00 ,,    ,    ,    ,    ,0,0,3,0
H,HERRINGBONE VEST,vest,0.00 ,15.00 ,0.00 ,,    ,    ,    ,    ,0,0,0,0
I15,IVORY INTRIGUE VEST,vest,0.00 ,15.00 ,0.00 ,,    ,    ,    ,    ,0,0,3,0
I28,GOLD INTRIGUE,vest,0.00 ,15.00 ,0.00 ,,    ,    ,    ,    ,0,0,3,0
I29,SILVER INTRIGUE,vest,0.00 ,15.00 ,0.00 ,,    ,    ,    ,    ,0,0,3,0
I50,BLK INTRGUE,vest,0.00 ,15.00 ,0.00 ,,    ,    ,    ,    ,0,0,3,0
I90,WHITE INTRIGUE VEST,vest,0.00 ,15.00 ,0.00 ,,    ,    ,    ,    ,0,0,3,0
IS15,FIVE BUTTON IVORY FULL BACK VEST,vest,0.00 ,15.00 ,0.00 ,,    ,    ,    ,    ,0,0,3,0
ISI5,IVORY SATIN VEST,vest,0.00 ,15.00 ,0.00 ,,    ,    ,    ,    ,0,0,3,0
MXB,BLACK MATRIX VEST,vest,0.00 ,15.00 ,0.00 ,,    ,    ,    ,    ,0,0,3,0
MXW,WHT MATRIX VEST,vest,0.00 ,15.00 ,0.00 ,,    ,    ,    ,    ,0,0,3,0
N,ENCHANTMENT VEST,vest,0.00 ,15.00 ,0.00 ,,    ,    ,    ,    ,0,0,0,0
N11,CELEDON ENCH VEST,vest,0.00 ,15.00 ,0.00 ,,    ,    ,    ,    ,0,0,3,0
N12,ROSE ENCH VEST,vest,0.00 ,15.00 ,0.00 ,,    ,    ,    ,    ,0,0,3,0
N15,IVORY ENCH VEST,vest,0.00 ,15.00 ,0.00 ,,    ,    ,    ,    ,0,0,3,0
N19,LAVENDER ENCH VEST,vest,0.00 ,15.00 ,0.00 ,,    ,    ,    ,    ,0,0,3,0
N21,HUNTER ENCH VEST,vest,0.00 ,15.00 ,0.00 ,,    ,    ,    ,    ,0,0,3,0
N25,CHAMPAGNE ENCH VEST,vest,0.00 ,15.00 ,0.00 ,,    ,    ,    ,    ,0,0,3,0
N3,NAVY ENCH VEST,vest,0.00 ,15.00 ,0.00 ,,    ,    ,    ,    ,0,0,3,0
N48,PLATINUM ENCH VEST,vest,0.00 ,15.00 ,0.00 ,,    ,    ,    ,    ,0,0,3,0
N5,BURGUNDY ENCH VEST,vest,0.00 ,15.00 ,0.00 ,,    ,    ,    ,    ,0,0,3,0
N50,BLACK ENCH VEST,vest,0.00 ,15.00 ,0.00 ,,    ,    ,    ,    ,0,0,3,0
N6,PERRYWINKLE ENCH VEST,vest,0.00 ,15.00 ,0.00 ,,    ,    ,    ,    ,0,0,3,0
N90,WHITE ENCHANTMENT VEST,vest,0.00 ,15.00 ,0.00 ,,    ,    ,    ,    ,0,0,3,0
P,FULL SOLID VINELAND,vest,0.00 ,15.00 ,0.00 ,,    ,    ,    ,    ,0,0,0,0
P1,TANGERINE SOLID VEST,vest,0.00 ,15.00 ,0.00 ,,    ,    ,    ,    ,0,0,3,0
P10,YELLO SATIN VEST,vest,0.00 ,15.00 ,0.00 ,,    ,    ,    ,    ,0,0,3,0
P11,SAGE SOLID VEST,vest,0.00 ,15.00 ,0.00 ,,    ,    ,    ,    ,0,0,3,0
P12,PINK SOLID VEST,vest,0.00 ,15.00 ,0.00 ,,    ,    ,    ,    ,0,0,3,0
P13,HUCKLEBERRY,vest,0.00 ,15.00 ,0.00 ,,    ,    ,    ,    ,0,0,3,0
P14,RED SOLID VEST,vest,0.00 ,15.00 ,0.00 ,,    ,    ,    ,    ,0,0,3,0
P14A,RUBY RED,vest,0.00 ,15.00 ,0.00 ,,    ,    ,    ,    ,0,0,3,0
P15,IVORY SOLID VEST,vest,0.00 ,15.00 ,0.00 ,,    ,    ,    ,    ,0,0,3,0
P16,ROYAL BLUE SOLID VEST,vest,0.00 ,15.00 ,0.00 ,,    ,    ,    ,    ,0,0,3,0
P16A,    ,vest,0.00 ,15.00 ,0.00 ,,PINV,PINT,    ,    ,0,0,3,0
P17,LIGHT BLUE SOLID VEST,vest,0.00 ,15.00 ,0.00 ,,    ,    ,    ,    ,0,0,3,0
P19,HEATHER SOLID VEST,vest,0.00 ,15.00 ,0.00 ,,    ,    ,    ,    ,0,0,3,0
P2,AQUA SOLID VEST,vest,0.00 ,15.00 ,0.00 ,,    ,    ,    ,    ,0,0,3,0
P20,BUBBLE GUM,vest,0.00 ,15.00 ,0.00 ,,    ,    ,    ,    ,0,0,3,0
P25,MOCHA SATIN VESTS,vest,0.00 ,15.00 ,0.00 ,,    ,    ,    ,    ,0,0,3,0
P26,CORAL SATIN,vest,0.00 ,15.00 ,0.00 ,,    ,    ,    ,    ,0,0,3,0
P27,PURPLE,vest,0.00 ,15.00 ,0.00 ,,    ,    ,    ,    ,0,0,3,0
P28,SOLID GOLD VEST,vest,0.00 ,15.00 ,0.00 ,,    ,    ,    ,    ,0,0,3,0
P29,SILVER SOLID VEST,vest,0.00 ,15.00 ,0.00 ,,    ,    ,    ,    ,0,0,3,0
P3,NAVY SOLID VEST,vest,0.00 ,15.00 ,0.00 ,,    ,    ,    ,    ,0,0,3,0
P31,LIME SOLID VEST,vest,0.00 ,15.00 ,0.00 ,,    ,    ,    ,    ,0,0,3,0
P35,BAMBOO VEST,vest,0.00 ,15.00 ,0.00 ,,    ,    ,    ,    ,0,0,3,0
P4,FUSCHIA SOLID VEST,vest,0.00 ,15.00 ,0.00 ,,,,,,0,0,3,
P48,PLAT SOLID VEST,vest,0.00 ,15.00 ,0.00 ,,    ,    ,    ,    ,0,0,3,0
P5,BURG SOLID,vest,0.00 ,15.00 ,0.00 ,,    ,    ,    ,    ,0,0,3,0
P50,BLK SOLID VEST,vest,0.00 ,15.00 ,0.00 ,,    ,    ,    ,    ,0,0,3,0
P51,BURNT ORANGE,vest,0.00 ,15.00 ,0.00 ,,    ,    ,    ,    ,0,0,3,0
P6,PERIWINKLE,vest,0.00 ,15.00 ,0.00 ,,    ,    ,    ,    ,0,0,3,0
P61,PEACH SOLID VEST,vest,0.00 ,15.00 ,0.00 ,,    ,    ,    ,    ,0,0,3,0
P70,CHOCOLATE SATIN,vest,0.00 ,15.00 ,0.00 ,,    ,    ,    ,    ,0,0,3,0
P75,CINNAMON SATIN,vest,0.00 ,15.00 ,0.00 ,,    ,    ,    ,    ,0,0,3,0
P8,TEAL,vest,0.00 ,15.00 ,0.00 ,,    ,    ,    ,    ,0,0,3,0
P90,WHT SOLID VEST,vest,0.00 ,15.00 ,0.00 ,,    ,    ,    ,    ,0,0,3,0
P95,WHT & BLK PAISELY VEST,vest,0.00 ,15.00 ,0.00 ,,    ,    ,    ,    ,0,0,3,0
RTV,RETRO VESTS,vest,0.00 ,15.00 ,0.00 ,,,,,,0,0,0,0
RTV10,BUTTERCUP,vest,0.00 ,15.00 ,0.00 ,,    ,    ,    ,    ,0,0,3,0
RTV15,IVORY RETRO,vest,0.00 ,15.00 ,0.00 ,,    ,    ,    ,    ,0,0,3,0
RTV19,LAVENDER RETRO,vest,0.00 ,15.00 ,0.00 ,,    ,    ,    ,    ,0,0,3,0
RTV28,GOLD RETRO,vest,0.00 ,15.00 ,0.00 ,,    ,    ,    ,    ,0,0,3,0
RTV29,SILVER RETRO,vest,0.00 ,15.00 ,0.00 ,,    ,    ,    ,    ,0,0,3,0
RTV48,PLATINUM RETRO,vest,0.00 ,15.00 ,0.00 ,,    ,    ,    ,    ,0,0,3,0
RTV50,BLK RETRO,vest,0.00 ,15.00 ,0.00 ,,    ,    ,    ,    ,0,0,3,0
RTV6,DESSERT BLUE,vest,0.00 ,15.00 ,0.00 ,,    ,    ,    ,    ,0,0,3,0
RTV9,HEATHER,vest,0.00 ,15.00 ,0.00 ,,    ,    ,    ,    ,0,0,3,0
RTV90,WHITE RETRO,vest,0.00 ,15.00 ,0.00 ,,    ,    ,    ,    ,0,0,3,0
V,VINEYARD VESTS,vest,0.00 ,15.00 ,0.00 ,,    ,    ,    ,    ,0,0,0,0
V1,TANGERINE,vest,0.00 ,15.00 ,0.00 ,,    ,    ,    ,    ,0,0,3,0
V10,BANANA,vest,0.00 ,15.00 ,0.00 ,,    ,    ,    ,    ,0,0,3,0
V11,CELEDON,vest,0.00 ,15.00 ,0.00 ,,    ,    ,    ,    ,0,0,3,0
V12,VINEYARD ROSE PETAL,vest,0.00 ,15.00 ,0.00 ,,    ,    ,    ,    ,0,0,3,0
V12A,PEARL PINK,vest,0.00 ,15.00 ,0.00 ,,    ,    ,    ,    ,0,0,3,0
V13,SANGRIA,vest,0.00 ,15.00 ,0.00 ,,    ,    ,    ,    ,0,0,3,0
V14,FIRE RED,vest,0.00 ,15.00 ,0.00 ,,    ,    ,    ,    ,0,0,3,0
V14A,APPLE RED,vest,0.00 ,15.00 ,0.00 ,,    ,    ,    ,    ,0,0,3,0
V15,IVORY VINEYARDS,vest,0.00 ,15.00 ,0.00 ,,    ,    ,    ,    ,0,0,3,0
V16,HORIZON,vest,0.00 ,15.00 ,0.00 ,,    ,    ,    ,    ,0,0,3,0
V17,CAPRI,vest,0.00 ,15.00 ,0.00 ,,    ,    ,    ,    ,0,0,3,0
V18,LT LILAC,vest,0.00 ,15.00 ,0.00 ,,    ,    ,    ,    ,0,0,3,0
V19,WILD ORCHID,vest,0.00 ,15.00 ,0.00 ,,    ,    ,    ,    ,0,0,3,0
V19A,    ,vest,0.00 ,15.00 ,0.00 ,,    ,    ,    ,    ,0,0,3,0
V2,TROPIC,vest,0.00 ,15.00 ,0.00 ,,    ,    ,    ,    ,0,0,3,0
V20,WATERMELON,vest,0.00 ,15.00 ,0.00 ,,    ,    ,    ,    ,0,0,3,0
V21,FERN,vest,0.00 ,15.00 ,0.00 ,,    ,    ,    ,    ,0,0,3,0
V25,CHAPAGNE VINEYARDS,vest,0.00 ,15.00 ,0.00 ,,    ,    ,    ,    ,0,0,3,0
V26,CORAL,vest,0.00 ,15.00 ,0.00 ,,    ,    ,    ,    ,0,0,3,0
V27,REGENCY,vest,0.00 ,15.00 ,0.00 ,,    ,    ,    ,    ,0,0,3,0
V28,SAFFRON,vest,0.00 ,15.00 ,0.00 ,,    ,    ,    ,    ,0,0,3,0
V29,SILVER,vest,0.00 ,15.00 ,0.00 ,,    ,    ,    ,    ,0,0,3,0
V3,MIDNIGHT BLUE,vest,0.00 ,15.00 ,0.00 ,,    ,    ,    ,    ,0,0,3,0
V30,POOL BLUE,vest,0.00 ,15.00 ,0.00 ,,    ,    ,    ,    ,0,0,3,0
V31,CLOVER,vest,0.00 ,15.00 ,0.00 ,,    ,    ,    ,    ,0,0,3,0
V35,LATTE,vest,0.00 ,15.00 ,0.00 ,,    ,    ,    ,    ,0,0,3,0
V4,FUSHIA,vest,0.00 ,15.00 ,0.00 ,,    ,    ,    ,    ,0,0,3,0
V5,WINE,vest,0.00 ,15.00 ,0.00 ,,    ,    ,    ,    ,0,0,3,0
V50,BLACK,vest,0.00 ,15.00 ,0.00 ,,    ,    ,    ,    ,0,0,3,0
V51,PERSIMMON,vest,0.00 ,15.00 ,0.00 ,,    ,    ,    ,    ,0,0,3,0
V59,CHARCOAL,vest,0.00 ,15.00 ,0.00 ,,    ,    ,    ,    ,0,0,3,0
V6,CORNFLOWER,vest,0.00 ,15.00 ,0.00 ,,    ,    ,    ,    ,0,0,3,0
V7,PLUM,vest,0.00 ,15.00 ,0.00 ,,    ,    ,    ,    ,0,0,3,0
V70,    ,vest,0.00 ,15.00 ,0.00 ,,    ,    ,    ,    ,0,0,3,0
V75,COGNAC,vest,0.00 ,15.00 ,0.00 ,,    ,    ,    ,    ,0,0,3,0
V8,TEAL,vest,0.00 ,15.00 ,0.00 ,,    ,    ,    ,    ,0,0,3,0
V9,WISTERIA VINEYARDS,vest,0.00 ,15.00 ,0.00 ,,    ,    ,    ,    ,0,0,3,0
V90,WHT,vest,0.00 ,15.00 ,0.00 ,,    ,    ,    ,    ,0,0,3,0
WS,WHT SATIN,vest,0.00 ,15.00 ,0.00 ,,    ,    ,    ,    ,0,0,3,0
WS90,5 BUTTON WHITE SATIN FULL BACK VEST,vest,0.00 ,15.00 ,0.00 ,,    ,    ,    ,    ,0,0,3,0
RTV,PAISLEY VESTS,,,,,,    ,    ,    ,    ,0,0,0,0
